/ Xcalibur HeliTEM 21m — reference waveform, transmitter current only
/ Survey-specific identifiers (flight, fiducial, project) removed
/Base Frequency : 7.50 Hz
/Sample Interval: 8.1380208 µs

/------------------------------------------------------------------------------
/XYZ REF WAVEFORM EXPORT
/SAMPLE  T_Current[A]
     0 -0.001000
     1 -0.001000
     2 -0.000000
     3  0.000000
     4 -0.000000
     5 -0.016000
     6 -0.066000
     7 -0.089000
     8 -0.215000
     9  0.679000
    10  3.899000
    11  8.316000
    12  12.740000
    13  17.181000
    14  21.667000
    15  26.156000
    16  30.642000
    17  35.099000
    18  39.545000
    19  43.966000
    20  48.373000
    21  52.758000
    22  57.125000
    23  61.469000
    24  65.791000
    25  70.088000
    26  74.359000
    27  78.602000
    28  82.817000
    29  87.002000
    30  91.157000
    31  95.280000
    32  99.368000
    33  103.423000
    34  107.441000
    35  111.423000
    36  115.366000
    37  119.269000
    38  123.132000
    39  126.954000
    40  130.733000
    41  134.468000
    42  138.157000
    43  141.800000
    44  145.396000
    45  148.944000
    46  152.442000
    47  155.889000
    48  159.286000
    49  162.629000
    50  165.920000
    51  169.156000
    52  172.336000
    53  175.460000
    54  178.527000
    55  181.536000
    56  184.486000
    57  187.375000
    58  190.204000
    59  192.972000
    60  195.680000
    61  198.344000
    62  200.937000
    63  203.499000
    64  205.811000
    65  206.977000
    66  207.153000
    67  207.190000
    68  207.255000
    69  207.269000
    70  207.287000
    71  207.282000
    72  207.296000
    73  207.299000
    74  207.316000
    75  207.324000
    76  207.339000
    77  207.349000
    78  207.363000
    79  207.374000
    80  207.388000
    81  207.400000
    82  207.414000
    83  207.426000
    84  207.440000
    85  207.453000
    86  207.467000
    87  207.480000
    88  207.495000
    89  207.508000
    90  207.523000
    91  207.536000
    92  207.551000
    93  207.564000
    94  207.579000
    95  207.593000
    96  207.607000
    97  207.621000
    98  207.636000
    99  207.650000
   100  207.664000
   101  207.678000
   102  207.693000
   103  207.707000
   104  207.722000
   105  207.736000
   106  207.750000
   107  207.764000
   108  207.779000
   109  207.794000
   110  207.808000
   111  207.822000
   112  207.837000
   113  207.851000
   114  207.865000
   115  207.880000
   116  207.894000
   117  207.908000
   118  207.923000
   119  207.937000
   120  207.951000
   121  207.966000
   122  207.980000
   123  207.994000
   124  208.008000
   125  208.023000
   126  208.037000
   127  208.051000
   128  208.066000
   129  208.080000
   130  208.094000
   131  208.108000
   132  208.122000
   133  208.136000
   134  208.151000
   135  208.165000
   136  208.179000
   137  208.193000
   138  208.208000
   139  208.221000
   140  208.235000
   141  208.250000
   142  208.263000
   143  208.278000
   144  208.292000
   145  208.306000
   146  208.320000
   147  208.334000
   148  208.348000
   149  208.362000
   150  208.376000
   151  208.390000
   152  208.404000
   153  208.418000
   154  208.432000
   155  208.446000
   156  208.460000
   157  208.474000
   158  208.488000
   159  208.502000
   160  208.515000
   161  208.529000
   162  208.543000
   163  208.557000
   164  208.571000
   165  208.585000
   166  208.599000
   167  208.612000
   168  208.626000
   169  208.640000
   170  208.654000
   171  208.667000
   172  208.681000
   173  208.695000
   174  208.709000
   175  208.722000
   176  208.736000
   177  208.750000
   178  208.763000
   179  208.777000
   180  208.791000
   181  208.804000
   182  208.818000
   183  208.831000
   184  208.845000
   185  208.859000
   186  208.873000
   187  208.886000
   188  208.899000
   189  208.913000
   190  208.927000
   191  208.940000
   192  208.954000
   193  208.967000
   194  208.981000
   195  208.994000
   196  209.008000
   197  209.021000
   198  209.034000
   199  209.048000
   200  209.061000
   201  209.075000
   202  209.088000
   203  209.102000
   204  209.115000
   205  209.128000
   206  209.142000
   207  209.155000
   208  209.168000
   209  209.181000
   210  209.195000
   211  209.208000
   212  209.222000
   213  209.235000
   214  209.248000
   215  209.261000
   216  209.274000
   217  209.287000
   218  209.301000
   219  209.314000
   220  209.327000
   221  209.340000
   222  209.354000
   223  209.367000
   224  209.380000
   225  209.393000
   226  209.406000
   227  209.419000
   228  209.432000
   229  209.445000
   230  209.458000
   231  209.472000
   232  209.485000
   233  209.497000
   234  209.510000
   235  209.523000
   236  209.536000
   237  209.549000
   238  209.562000
   239  209.575000
   240  209.588000
   241  209.601000
   242  209.614000
   243  209.627000
   244  209.640000
   245  209.652000
   246  209.666000
   247  209.678000
   248  209.691000
   249  209.704000
   250  209.717000
   251  209.730000
   252  209.743000
   253  209.755000
   254  209.768000
   255  209.780000
   256  209.793000
   257  209.806000
   258  209.819000
   259  209.832000
   260  209.844000
   261  209.857000
   262  209.869000
   263  209.883000
   264  209.895000
   265  209.908000
   266  209.920000
   267  209.933000
   268  209.945000
   269  209.958000
   270  209.971000
   271  209.983000
   272  209.996000
   273  210.008000
   274  210.021000
   275  210.033000
   276  210.046000
   277  210.058000
   278  210.071000
   279  210.083000
   280  210.096000
   281  210.108000
   282  210.121000
   283  210.133000
   284  210.146000
   285  210.158000
   286  210.170000
   287  210.183000
   288  210.195000
   289  210.208000
   290  210.220000
   291  210.232000
   292  210.244000
   293  210.257000
   294  210.269000
   295  210.281000
   296  210.293000
   297  210.306000
   298  210.318000
   299  210.330000
   300  210.343000
   301  210.355000
   302  210.367000
   303  210.379000
   304  210.391000
   305  210.404000
   306  210.416000
   307  210.428000
   308  210.440000
   309  210.452000
   310  210.464000
   311  210.476000
   312  210.488000
   313  210.501000
   314  210.513000
   315  210.524000
   316  210.537000
   317  210.549000
   318  210.561000
   319  210.572000
   320  210.585000
   321  210.597000
   322  210.609000
   323  210.621000
   324  210.633000
   325  210.645000
   326  210.656000
   327  210.669000
   328  210.680000
   329  210.692000
   330  210.704000
   331  210.716000
   332  210.728000
   333  210.739000
   334  210.751000
   335  210.764000
   336  210.775000
   337  210.787000
   338  210.799000
   339  210.810000
   340  210.822000
   341  210.834000
   342  210.846000
   343  210.858000
   344  210.869000
   345  210.881000
   346  210.893000
   347  210.905000
   348  210.916000
   349  210.928000
   350  210.940000
   351  210.951000
   352  210.962000
   353  210.975000
   354  210.986000
   355  210.998000
   356  211.009000
   357  211.021000
   358  211.032000
   359  211.044000
   360  211.055000
   361  211.067000
   362  211.078000
   363  211.090000
   364  211.101000
   365  211.113000
   366  211.125000
   367  211.136000
   368  211.147000
   369  211.159000
   370  211.171000
   371  211.182000
   372  211.193000
   373  211.205000
   374  211.216000
   375  211.228000
   376  211.239000
   377  211.250000
   378  211.261000
   379  211.273000
   380  211.284000
   381  211.296000
   382  211.307000
   383  211.318000
   384  211.329000
   385  211.341000
   386  211.352000
   387  211.363000
   388  211.374000
   389  211.385000
   390  211.397000
   391  211.408000
   392  211.420000
   393  211.430000
   394  211.442000
   395  211.453000
   396  211.464000
   397  211.475000
   398  211.486000
   399  211.497000
   400  211.508000
   401  211.519000
   402  211.530000
   403  211.542000
   404  211.553000
   405  211.564000
   406  211.575000
   407  211.586000
   408  211.597000
   409  211.608000
   410  211.619000
   411  211.630000
   412  211.641000
   413  211.652000
   414  211.663000
   415  211.673000
   416  211.685000
   417  211.696000
   418  211.707000
   419  211.718000
   420  211.728000
   421  211.739000
   422  211.750000
   423  211.761000
   424  211.772000
   425  211.782000
   426  211.793000
   427  211.804000
   428  211.815000
   429  211.826000
   430  211.837000
   431  211.847000
   432  211.858000
   433  211.869000
   434  211.879000
   435  211.890000
   436  211.901000
   437  211.912000
   438  211.923000
   439  211.933000
   440  211.944000
   441  211.954000
   442  211.965000
   443  211.975000
   444  211.986000
   445  211.997000
   446  212.008000
   447  212.018000
   448  212.029000
   449  212.040000
   450  212.050000
   451  212.061000
   452  212.071000
   453  212.082000
   454  212.092000
   455  212.103000
   456  212.113000
   457  212.124000
   458  212.134000
   459  212.145000
   460  212.155000
   461  212.166000
   462  212.176000
   463  212.187000
   464  212.197000
   465  212.208000
   466  212.218000
   467  212.229000
   468  212.239000
   469  212.249000
   470  212.259000
   471  212.270000
   472  212.280000
   473  212.291000
   474  212.301000
   475  212.311000
   476  212.321000
   477  212.332000
   478  212.342000
   479  212.352000
   480  212.362000
   481  212.373000
   482  212.383000
   483  212.393000
   484  212.403000
   485  212.414000
   486  212.424000
   487  212.434000
   488  212.444000
   489  212.454000
   490  212.464000
   491  212.475000
   492  212.485000
   493  212.495000
   494  212.505000
   495  212.515000
   496  212.526000
   497  212.535000
   498  212.545000
   499  212.555000
   500  212.566000
   501  212.575000
   502  212.586000
   503  212.595000
   504  212.606000
   505  212.616000
   506  212.626000
   507  212.636000
   508  212.645000
   509  212.655000
   510  212.666000
   511  212.676000
   512  212.685000
   513  212.696000
   514  212.705000
   515  212.715000
   516  212.725000
   517  212.735000
   518  212.745000
   519  212.755000
   520  212.764000
   521  212.774000
   522  212.784000
   523  212.794000
   524  212.804000
   525  212.814000
   526  212.823000
   527  212.833000
   528  212.843000
   529  212.852000
   530  212.863000
   531  212.872000
   532  212.882000
   533  212.892000
   534  212.902000
   535  212.911000
   536  212.921000
   537  212.931000
   538  212.940000
   539  212.950000
   540  212.960000
   541  212.969000
   542  212.979000
   543  212.989000
   544  212.998000
   545  213.008000
   546  213.017000
   547  213.027000
   548  213.037000
   549  213.046000
   550  213.056000
   551  213.065000
   552  213.075000
   553  213.084000
   554  213.094000
   555  213.103000
   556  213.112000
   557  213.122000
   558  213.132000
   559  213.141000
   560  213.151000
   561  213.160000
   562  213.170000
   563  213.179000
   564  213.188000
   565  213.198000
   566  213.207000
   567  213.217000
   568  213.226000
   569  213.235000
   570  213.245000
   571  213.254000
   572  213.263000
   573  213.273000
   574  213.282000
   575  213.292000
   576  213.301000
   577  213.310000
   578  213.320000
   579  213.329000
   580  213.338000
   581  213.347000
   582  213.356000
   583  213.366000
   584  213.375000
   585  213.384000
   586  213.393000
   587  213.403000
   588  213.412000
   589  213.421000
   590  213.430000
   591  213.439000
   592  213.449000
   593  213.457000
   594  213.467000
   595  213.476000
   596  213.485000
   597  213.494000
   598  213.503000
   599  213.512000
   600  213.521000
   601  213.530000
   602  213.540000
   603  213.548000
   604  213.558000
   605  213.567000
   606  213.576000
   607  213.585000
   608  213.594000
   609  213.603000
   610  213.612000
   611  213.621000
   612  213.629000
   613  213.639000
   614  213.647000
   615  213.657000
   616  213.665000
   617  213.675000
   618  213.683000
   619  213.692000
   620  213.701000
   621  213.710000
   622  213.719000
   623  213.727000
   624  213.737000
   625  213.746000
   626  213.754000
   627  213.763000
   628  213.772000
   629  213.781000
   630  213.789000
   631  213.798000
   632  213.807000
   633  213.816000
   634  213.825000
   635  213.834000
   636  213.842000
   637  213.851000
   638  213.860000
   639  213.868000
   640  213.877000
   641  213.886000
   642  213.894000
   643  213.903000
   644  213.912000
   645  213.920000
   646  213.929000
   647  213.938000
   648  213.947000
   649  213.955000
   650  213.964000
   651  213.972000
   652  213.981000
   653  213.989000
   654  213.998000
   655  214.007000
   656  214.015000
   657  214.023000
   658  214.032000
   659  214.041000
   660  214.049000
   661  214.058000
   662  214.066000
   663  214.075000
   664  214.084000
   665  214.092000
   666  214.100000
   667  214.109000
   668  214.117000
   669  214.126000
   670  214.134000
   671  214.142000
   672  214.151000
   673  214.160000
   674  214.168000
   675  214.176000
   676  214.184000
   677  214.193000
   678  214.201000
   679  214.210000
   680  214.218000
   681  214.227000
   682  214.235000
   683  214.243000
   684  214.251000
   685  214.260000
   686  214.268000
   687  214.276000
   688  214.284000
   689  214.293000
   690  214.301000
   691  214.309000
   692  214.317000
   693  214.326000
   694  214.334000
   695  214.342000
   696  214.350000
   697  214.359000
   698  214.366000
   699  214.375000
   700  214.383000
   701  214.391000
   702  214.400000
   703  214.408000
   704  214.416000
   705  214.424000
   706  214.432000
   707  214.440000
   708  214.448000
   709  214.456000
   710  214.464000
   711  214.472000
   712  214.480000
   713  214.489000
   714  214.496000
   715  214.504000
   716  214.512000
   717  214.521000
   718  214.529000
   719  214.537000
   720  214.545000
   721  214.553000
   722  214.561000
   723  214.569000
   724  214.577000
   725  214.585000
   726  214.592000
   727  214.601000
   728  214.609000
   729  214.616000
   730  214.624000
   731  214.632000
   732  214.640000
   733  214.648000
   734  214.656000
   735  214.664000
   736  214.671000
   737  214.679000
   738  214.687000
   739  214.695000
   740  214.703000
   741  214.711000
   742  214.718000
   743  214.726000
   744  214.734000
   745  214.742000
   746  214.750000
   747  214.758000
   748  214.765000
   749  214.773000
   750  214.781000
   751  214.788000
   752  214.797000
   753  214.804000
   754  214.812000
   755  214.819000
   756  214.827000
   757  214.835000
   758  214.843000
   759  214.850000
   760  214.858000
   761  214.865000
   762  214.873000
   763  214.881000
   764  214.888000
   765  214.896000
   766  214.903000
   767  214.911000
   768  214.919000
   769  214.926000
   770  214.934000
   771  214.941000
   772  214.949000
   773  214.956000
   774  214.964000
   775  214.972000
   776  214.979000
   777  214.987000
   778  214.994000
   779  215.002000
   780  215.009000
   781  215.017000
   782  215.024000
   783  215.032000
   784  215.039000
   785  215.047000
   786  215.054000
   787  215.061000
   788  215.069000
   789  215.076000
   790  215.084000
   791  215.091000
   792  215.098000
   793  215.106000
   794  215.113000
   795  215.121000
   796  215.128000
   797  215.135000
   798  215.142000
   799  215.150000
   800  215.157000
   801  215.165000
   802  215.172000
   803  215.180000
   804  215.187000
   805  215.194000
   806  215.201000
   807  215.208000
   808  215.216000
   809  215.223000
   810  215.230000
   811  215.238000
   812  215.245000
   813  215.252000
   814  215.259000
   815  215.267000
   816  215.273000
   817  215.281000
   818  215.288000
   819  215.295000
   820  215.302000
   821  215.310000
   822  215.316000
   823  215.324000
   824  215.331000
   825  215.338000
   826  215.345000
   827  215.353000
   828  215.359000
   829  215.367000
   830  215.374000
   831  215.381000
   832  215.388000
   833  215.395000
   834  215.402000
   835  215.409000
   836  215.416000
   837  215.423000
   838  215.430000
   839  215.437000
   840  215.444000
   841  215.451000
   842  215.458000
   843  215.465000
   844  215.472000
   845  215.479000
   846  215.486000
   847  215.493000
   848  215.500000
   849  215.507000
   850  215.514000
   851  215.521000
   852  215.528000
   853  215.535000
   854  215.541000
   855  215.548000
   856  215.555000
   857  215.562000
   858  215.569000
   859  215.576000
   860  215.583000
   861  215.590000
   862  215.597000
   863  215.604000
   864  215.610000
   865  215.617000
   866  215.624000
   867  215.631000
   868  215.638000
   869  215.645000
   870  215.651000
   871  215.658000
   872  215.665000
   873  215.671000
   874  215.678000
   875  215.685000
   876  215.691000
   877  215.698000
   878  215.705000
   879  215.712000
   880  215.719000
   881  215.725000
   882  215.732000
   883  215.738000
   884  215.745000
   885  215.752000
   886  215.758000
   887  215.765000
   888  215.772000
   889  215.779000
   890  215.785000
   891  215.792000
   892  215.798000
   893  215.805000
   894  215.812000
   895  215.818000
   896  215.825000
   897  215.832000
   898  215.838000
   899  215.845000
   900  215.851000
   901  215.857000
   902  215.864000
   903  215.871000
   904  215.877000
   905  215.884000
   906  215.890000
   907  215.897000
   908  215.903000
   909  215.910000
   910  215.916000
   911  215.923000
   912  215.929000
   913  215.936000
   914  215.942000
   915  215.949000
   916  215.955000
   917  215.962000
   918  215.968000
   919  215.974000
   920  215.981000
   921  215.987000
   922  215.994000
   923  216.000000
   924  216.006000
   925  216.013000
   926  216.019000
   927  216.026000
   928  216.032000
   929  216.038000
   930  216.044000
   931  216.051000
   932  216.057000
   933  216.063000
   934  216.070000
   935  216.076000
   936  216.082000
   937  216.088000
   938  216.095000
   939  216.101000
   940  216.108000
   941  216.114000
   942  216.120000
   943  216.126000
   944  216.133000
   945  216.139000
   946  216.145000
   947  216.151000
   948  216.157000
   949  216.164000
   950  216.170000
   951  216.176000
   952  216.182000
   953  216.189000
   954  216.194000
   955  216.201000
   956  216.207000
   957  216.213000
   958  216.219000
   959  216.225000
   960  216.231000
   961  216.237000
   962  216.244000
   963  216.250000
   964  216.256000
   965  216.262000
   966  216.268000
   967  216.274000
   968  216.280000
   969  216.286000
   970  216.292000
   971  216.298000
   972  216.305000
   973  216.310000
   974  216.316000
   975  216.323000
   976  216.329000
   977  216.334000
   978  216.340000
   979  216.346000
   980  216.353000
   981  216.358000
   982  216.365000
   983  216.370000
   984  216.377000
   985  216.382000
   986  216.388000
   987  216.394000
   988  216.400000
   989  216.406000
   990  216.412000
   991  216.418000
   992  216.424000
   993  216.430000
   994  216.436000
   995  216.441000
   996  216.447000
   997  216.453000
   998  216.459000
   999  216.465000
  1000  216.471000
  1001  216.477000
  1002  216.483000
  1003  216.488000
  1004  216.494000
  1005  216.500000
  1006  216.506000
  1007  216.511000
  1008  216.517000
  1009  216.523000
  1010  216.529000
  1011  216.534000
  1012  216.541000
  1013  216.546000
  1014  216.552000
  1015  216.558000
  1016  216.564000
  1017  216.569000
  1018  216.575000
  1019  216.581000
  1020  216.586000
  1021  216.592000
  1022  216.598000
  1023  216.604000
  1024  216.609000
  1025  216.615000
  1026  216.621000
  1027  216.626000
  1028  216.632000
  1029  216.638000
  1030  216.643000
  1031  216.649000
  1032  216.654000
  1033  216.660000
  1034  216.666000
  1035  216.671000
  1036  216.677000
  1037  216.682000
  1038  216.688000
  1039  216.693000
  1040  216.699000
  1041  216.705000
  1042  216.710000
  1043  216.716000
  1044  216.721000
  1045  216.727000
  1046  216.732000
  1047  216.738000
  1048  216.744000
  1049  216.749000
  1050  216.755000
  1051  216.760000
  1052  216.766000
  1053  216.771000
  1054  216.777000
  1055  216.782000
  1056  216.788000
  1057  216.793000
  1058  216.799000
  1059  216.804000
  1060  216.810000
  1061  216.815000
  1062  216.821000
  1063  216.826000
  1064  216.831000
  1065  216.836000
  1066  216.842000
  1067  216.847000
  1068  216.853000
  1069  216.858000
  1070  216.864000
  1071  216.868000
  1072  216.875000
  1073  216.880000
  1074  216.885000
  1075  216.891000
  1076  216.896000
  1077  216.901000
  1078  216.907000
  1079  216.912000
  1080  216.917000
  1081  216.922000
  1082  216.928000
  1083  216.933000
  1084  216.939000
  1085  216.944000
  1086  216.949000
  1087  216.954000
  1088  216.960000
  1089  216.965000
  1090  216.970000
  1091  216.975000
  1092  216.981000
  1093  216.986000
  1094  216.991000
  1095  216.996000
  1096  217.002000
  1097  217.007000
  1098  217.012000
  1099  217.017000
  1100  217.022000
  1101  217.028000
  1102  217.033000
  1103  217.038000
  1104  217.043000
  1105  217.048000
  1106  217.053000
  1107  217.059000
  1108  217.064000
  1109  217.069000
  1110  217.074000
  1111  217.079000
  1112  217.084000
  1113  217.090000
  1114  217.095000
  1115  217.100000
  1116  217.105000
  1117  217.110000
  1118  217.115000
  1119  217.120000
  1120  217.125000
  1121  217.130000
  1122  217.135000
  1123  217.141000
  1124  217.145000
  1125  217.151000
  1126  217.156000
  1127  217.160000
  1128  217.166000
  1129  217.171000
  1130  217.176000
  1131  217.181000
  1132  217.186000
  1133  217.191000
  1134  217.196000
  1135  217.201000
  1136  217.205000
  1137  217.211000
  1138  217.216000
  1139  217.220000
  1140  217.225000
  1141  217.230000
  1142  217.235000
  1143  217.240000
  1144  217.245000
  1145  217.250000
  1146  217.255000
  1147  217.260000
  1148  217.265000
  1149  217.270000
  1150  217.274000
  1151  217.280000
  1152  217.284000
  1153  217.289000
  1154  217.294000
  1155  217.299000
  1156  217.304000
  1157  217.309000
  1158  217.313000
  1159  217.318000
  1160  217.323000
  1161  217.328000
  1162  217.333000
  1163  217.338000
  1164  217.342000
  1165  217.348000
  1166  217.352000
  1167  217.357000
  1168  217.361000
  1169  217.367000
  1170  217.371000
  1171  217.376000
  1172  217.381000
  1173  217.386000
  1174  217.390000
  1175  217.395000
  1176  217.400000
  1177  217.404000
  1178  217.409000
  1179  217.414000
  1180  217.419000
  1181  217.423000
  1182  217.428000
  1183  217.433000
  1184  217.438000
  1185  217.442000
  1186  217.447000
  1187  217.452000
  1188  217.456000
  1189  217.461000
  1190  217.465000
  1191  217.470000
  1192  217.475000
  1193  217.479000
  1194  217.484000
  1195  217.489000
  1196  217.493000
  1197  217.498000
  1198  217.503000
  1199  217.507000
  1200  217.512000
  1201  217.517000
  1202  217.521000
  1203  217.526000
  1204  217.530000
  1205  217.535000
  1206  217.539000
  1207  217.544000
  1208  217.549000
  1209  217.553000
  1210  217.558000
  1211  217.562000
  1212  217.567000
  1213  217.571000
  1214  217.576000
  1215  217.580000
  1216  217.585000
  1217  217.589000
  1218  217.594000
  1219  217.599000
  1220  217.603000
  1221  217.607000
  1222  217.612000
  1223  217.616000
  1224  217.621000
  1225  217.625000
  1226  217.629000
  1227  217.634000
  1228  217.638000
  1229  217.643000
  1230  217.647000
  1231  217.652000
  1232  217.656000
  1233  217.660000
  1234  217.665000
  1235  217.669000
  1236  217.674000
  1237  217.678000
  1238  217.683000
  1239  217.687000
  1240  217.691000
  1241  217.696000
  1242  217.700000
  1243  217.704000
  1244  217.709000
  1245  217.713000
  1246  217.718000
  1247  217.722000
  1248  217.727000
  1249  217.730000
  1250  217.735000
  1251  217.739000
  1252  217.744000
  1253  217.748000
  1254  217.752000
  1255  217.756000
  1256  217.761000
  1257  217.765000
  1258  217.769000
  1259  217.773000
  1260  217.778000
  1261  217.782000
  1262  217.786000
  1263  217.791000
  1264  217.795000
  1265  217.799000
  1266  217.804000
  1267  217.808000
  1268  217.812000
  1269  217.816000
  1270  217.820000
  1271  217.824000
  1272  217.829000
  1273  217.833000
  1274  217.837000
  1275  217.841000
  1276  217.846000
  1277  217.850000
  1278  217.854000
  1279  217.858000
  1280  217.862000
  1281  217.866000
  1282  217.870000
  1283  217.875000
  1284  217.879000
  1285  217.883000
  1286  217.887000
  1287  217.891000
  1288  217.895000
  1289  217.899000
  1290  217.903000
  1291  217.908000
  1292  217.912000
  1293  217.915000
  1294  217.920000
  1295  217.924000
  1296  217.928000
  1297  217.932000
  1298  217.936000
  1299  217.940000
  1300  217.944000
  1301  217.949000
  1302  217.952000
  1303  217.956000
  1304  217.961000
  1305  217.964000
  1306  217.968000
  1307  217.973000
  1308  217.976000
  1309  217.980000
  1310  217.984000
  1311  217.989000
  1312  217.992000
  1313  217.997000
  1314  218.000000
  1315  218.004000
  1316  218.008000
  1317  218.012000
  1318  218.016000
  1319  218.020000
  1320  218.024000
  1321  218.028000
  1322  218.032000
  1323  218.036000
  1324  218.040000
  1325  218.043000
  1326  218.048000
  1327  218.052000
  1328  218.056000
  1329  218.059000
  1330  218.063000
  1331  218.067000
  1332  218.072000
  1333  218.075000
  1334  218.079000
  1335  218.083000
  1336  218.087000
  1337  218.090000
  1338  218.095000
  1339  218.098000
  1340  218.102000
  1341  218.106000
  1342  218.110000
  1343  218.113000
  1344  218.117000
  1345  218.121000
  1346  218.125000
  1347  218.129000
  1348  218.133000
  1349  218.136000
  1350  218.141000
  1351  218.144000
  1352  218.148000
  1353  218.151000
  1354  218.156000
  1355  218.159000
  1356  218.163000
  1357  218.166000
  1358  218.171000
  1359  218.174000
  1360  218.178000
  1361  218.182000
  1362  218.185000
  1363  218.189000
  1364  218.193000
  1365  218.196000
  1366  218.200000
  1367  218.204000
  1368  218.207000
  1369  218.211000
  1370  218.215000
  1371  218.219000
  1372  218.222000
  1373  218.226000
  1374  218.230000
  1375  218.233000
  1376  218.237000
  1377  218.240000
  1378  218.244000
  1379  218.248000
  1380  218.252000
  1381  218.255000
  1382  218.259000
  1383  218.262000
  1384  218.266000
  1385  218.270000
  1386  218.274000
  1387  218.277000
  1388  218.281000
  1389  218.284000
  1390  218.288000
  1391  218.291000
  1392  218.295000
  1393  218.298000
  1394  218.302000
  1395  218.306000
  1396  218.309000
  1397  218.312000
  1398  218.317000
  1399  218.320000
  1400  218.323000
  1401  218.327000
  1402  218.331000
  1403  218.334000
  1404  218.338000
  1405  218.341000
  1406  218.345000
  1407  218.348000
  1408  218.352000
  1409  218.355000
  1410  218.359000
  1411  218.362000
  1412  218.365000
  1413  218.369000
  1414  218.372000
  1415  218.376000
  1416  218.380000
  1417  218.383000
  1418  218.386000
  1419  218.390000
  1420  218.394000
  1421  218.397000
  1422  218.400000
  1423  218.404000
  1424  218.407000
  1425  218.410000
  1426  218.414000
  1427  218.417000
  1428  218.420000
  1429  218.424000
  1430  218.427000
  1431  218.431000
  1432  218.434000
  1433  218.438000
  1434  218.441000
  1435  218.445000
  1436  218.448000
  1437  218.451000
  1438  218.454000
  1439  218.458000
  1440  218.461000
  1441  218.465000
  1442  218.468000
  1443  218.471000
  1444  218.474000
  1445  218.478000
  1446  218.481000
  1447  218.484000
  1448  218.488000
  1449  218.491000
  1450  218.494000
  1451  218.498000
  1452  218.501000
  1453  218.504000
  1454  218.508000
  1455  218.511000
  1456  218.514000
  1457  218.518000
  1458  218.521000
  1459  218.524000
  1460  218.527000
  1461  218.531000
  1462  218.533000
  1463  218.537000
  1464  218.540000
  1465  218.543000
  1466  218.547000
  1467  218.550000
  1468  218.553000
  1469  218.556000
  1470  218.560000
  1471  218.563000
  1472  218.566000
  1473  218.569000
  1474  218.572000
  1475  218.575000
  1476  218.579000
  1477  218.582000
  1478  218.585000
  1479  218.588000
  1480  218.591000
  1481  218.594000
  1482  218.598000
  1483  218.601000
  1484  218.604000
  1485  218.607000
  1486  218.610000
  1487  218.613000
  1488  218.617000
  1489  218.620000
  1490  218.622000
  1491  218.626000
  1492  218.629000
  1493  218.632000
  1494  218.635000
  1495  218.638000
  1496  218.641000
  1497  218.644000
  1498  218.647000
  1499  218.650000
  1500  218.653000
  1501  218.657000
  1502  218.660000
  1503  218.663000
  1504  218.666000
  1505  218.669000
  1506  218.672000
  1507  218.675000
  1508  218.678000
  1509  218.681000
  1510  218.684000
  1511  218.687000
  1512  218.690000
  1513  218.693000
  1514  218.696000
  1515  218.699000
  1516  218.702000
  1517  218.705000
  1518  218.708000
  1519  218.711000
  1520  218.714000
  1521  218.717000
  1522  218.720000
  1523  218.723000
  1524  218.726000
  1525  218.729000
  1526  218.732000
  1527  218.735000
  1528  218.737000
  1529  218.741000
  1530  218.744000
  1531  218.746000
  1532  218.749000
  1533  218.752000
  1534  218.755000
  1535  218.758000
  1536  218.761000
  1537  218.764000
  1538  218.767000
  1539  218.770000
  1540  218.772000
  1541  218.776000
  1542  218.779000
  1543  218.782000
  1544  218.784000
  1545  218.787000
  1546  218.790000
  1547  218.793000
  1548  218.796000
  1549  218.798000
  1550  218.801000
  1551  218.804000
  1552  218.807000
  1553  218.809000
  1554  218.813000
  1555  218.816000
  1556  218.818000
  1557  218.821000
  1558  218.824000
  1559  218.827000
  1560  218.830000
  1561  218.833000
  1562  218.835000
  1563  218.838000
  1564  218.841000
  1565  218.844000
  1566  218.846000
  1567  218.849000
  1568  218.852000
  1569  218.854000
  1570  218.857000
  1571  218.860000
  1572  218.863000
  1573  218.865000
  1574  218.868000
  1575  218.871000
  1576  218.874000
  1577  218.877000
  1578  218.879000
  1579  218.882000
  1580  218.884000
  1581  218.887000
  1582  218.890000
  1583  218.893000
  1584  218.895000
  1585  218.898000
  1586  218.901000
  1587  218.903000
  1588  218.906000
  1589  218.909000
  1590  218.911000
  1591  218.914000
  1592  218.917000
  1593  218.919000
  1594  218.922000
  1595  218.925000
  1596  218.927000
  1597  218.930000
  1598  218.933000
  1599  218.935000
  1600  218.938000
  1601  218.940000
  1602  218.943000
  1603  218.946000
  1604  218.948000
  1605  218.951000
  1606  218.953000
  1607  218.956000
  1608  218.959000
  1609  218.961000
  1610  218.964000
  1611  218.967000
  1612  218.969000
  1613  218.972000
  1614  218.974000
  1615  218.977000
  1616  218.979000
  1617  218.982000
  1618  218.984000
  1619  218.987000
  1620  218.989000
  1621  218.992000
  1622  218.994000
  1623  218.997000
  1624  219.000000
  1625  219.002000
  1626  219.005000
  1627  219.007000
  1628  219.009000
  1629  219.012000
  1630  219.015000
  1631  219.017000
  1632  219.020000
  1633  219.022000
  1634  219.025000
  1635  219.027000
  1636  219.030000
  1637  219.032000
  1638  219.034000
  1639  219.037000
  1640  219.039000
  1641  219.042000
  1642  219.044000
  1643  219.047000
  1644  219.049000
  1645  219.052000
  1646  219.054000
  1647  219.056000
  1648  219.059000
  1649  219.061000
  1650  219.064000
  1651  219.066000
  1652  219.069000
  1653  219.071000
  1654  219.073000
  1655  219.076000
  1656  219.078000
  1657  219.081000
  1658  219.083000
  1659  219.085000
  1660  219.088000
  1661  219.090000
  1662  219.092000
  1663  219.095000
  1664  219.097000
  1665  219.099000
  1666  219.102000
  1667  219.104000
  1668  219.106000
  1669  219.109000
  1670  219.111000
  1671  219.113000
  1672  219.116000
  1673  219.118000
  1674  219.121000
  1675  219.123000
  1676  219.125000
  1677  219.127000
  1678  219.130000
  1679  219.132000
  1680  219.134000
  1681  219.137000
  1682  219.139000
  1683  219.141000
  1684  219.143000
  1685  219.145000
  1686  219.148000
  1687  219.150000
  1688  219.152000
  1689  219.155000
  1690  219.157000
  1691  219.159000
  1692  219.161000
  1693  219.164000
  1694  219.165000
  1695  219.168000
  1696  219.170000
  1697  219.172000
  1698  219.175000
  1699  219.177000
  1700  219.179000
  1701  219.182000
  1702  219.184000
  1703  219.186000
  1704  219.188000
  1705  219.190000
  1706  219.192000
  1707  219.195000
  1708  219.197000
  1709  219.199000
  1710  219.201000
  1711  219.204000
  1712  219.205000
  1713  219.208000
  1714  219.210000
  1715  219.212000
  1716  219.214000
  1717  219.217000
  1718  219.218000
  1719  219.221000
  1720  219.223000
  1721  219.225000
  1722  219.227000
  1723  219.229000
  1724  219.231000
  1725  219.233000
  1726  219.235000
  1727  219.237000
  1728  219.240000
  1729  219.242000
  1730  219.244000
  1731  219.246000
  1732  219.248000
  1733  219.250000
  1734  219.252000
  1735  219.254000
  1736  219.256000
  1737  219.258000
  1738  219.260000
  1739  219.263000
  1740  219.265000
  1741  219.267000
  1742  219.268000
  1743  219.270000
  1744  219.272000
  1745  219.275000
  1746  219.277000
  1747  219.279000
  1748  219.281000
  1749  219.283000
  1750  219.284000
  1751  219.287000
  1752  219.289000
  1753  219.291000
  1754  219.292000
  1755  219.295000
  1756  219.297000
  1757  219.299000
  1758  219.301000
  1759  219.303000
  1760  219.304000
  1761  219.307000
  1762  219.309000
  1763  219.310000
  1764  219.313000
  1765  219.314000
  1766  219.316000
  1767  219.318000
  1768  219.321000
  1769  219.322000
  1770  219.324000
  1771  219.326000
  1772  219.328000
  1773  219.330000
  1774  219.332000
  1775  219.334000
  1776  219.336000
  1777  219.338000
  1778  219.340000
  1779  219.342000
  1780  219.344000
  1781  219.345000
  1782  219.347000
  1783  219.349000
  1784  219.351000
  1785  219.353000
  1786  219.355000
  1787  219.357000
  1788  219.359000
  1789  219.360000
  1790  219.363000
  1791  219.364000
  1792  219.366000
  1793  219.368000
  1794  219.369000
  1795  219.371000
  1796  219.373000
  1797  219.375000
  1798  219.377000
  1799  219.379000
  1800  219.381000
  1801  219.382000
  1802  219.385000
  1803  219.386000
  1804  219.388000
  1805  219.390000
  1806  219.392000
  1807  219.393000
  1808  219.395000
  1809  219.397000
  1810  219.399000
  1811  219.401000
  1812  219.402000
  1813  219.404000
  1814  219.406000
  1815  219.408000
  1816  219.410000
  1817  219.411000
  1818  219.413000
  1819  219.414000
  1820  219.417000
  1821  219.418000
  1822  219.420000
  1823  219.422000
  1824  219.424000
  1825  219.425000
  1826  219.427000
  1827  219.428000
  1828  219.430000
  1829  219.432000
  1830  219.434000
  1831  219.436000
  1832  219.437000
  1833  219.439000
  1834  219.441000
  1835  219.442000
  1836  219.444000
  1837  219.446000
  1838  219.447000
  1839  219.449000
  1840  219.451000
  1841  219.453000
  1842  219.454000
  1843  219.456000
  1844  219.457000
  1845  219.459000
  1846  219.461000
  1847  219.463000
  1848  219.464000
  1849  219.466000
  1850  219.467000
  1851  219.469000
  1852  219.471000
  1853  219.473000
  1854  219.474000
  1855  219.476000
  1856  219.477000
  1857  219.479000
  1858  219.481000
  1859  219.482000
  1860  219.484000
  1861  219.485000
  1862  219.487000
  1863  219.489000
  1864  219.490000
  1865  219.492000
  1866  219.493000
  1867  219.495000
  1868  219.497000
  1869  219.498000
  1870  219.500000
  1871  219.501000
  1872  219.503000
  1873  219.504000
  1874  219.506000
  1875  219.507000
  1876  219.509000
  1877  219.511000
  1878  219.512000
  1879  219.514000
  1880  219.516000
  1881  219.517000
  1882  219.518000
  1883  219.520000
  1884  219.522000
  1885  219.523000
  1886  219.525000
  1887  219.526000
  1888  219.528000
  1889  219.529000
  1890  219.531000
  1891  219.532000
  1892  219.534000
  1893  219.535000
  1894  219.537000
  1895  219.538000
  1896  219.540000
  1897  219.541000
  1898  219.543000
  1899  219.544000
  1900  219.545000
  1901  219.547000
  1902  219.548000
  1903  219.550000
  1904  219.551000
  1905  219.553000
  1906  219.554000
  1907  219.556000
  1908  219.558000
  1909  219.559000
  1910  219.560000
  1911  219.562000
  1912  219.563000
  1913  219.564000
  1914  219.566000
  1915  219.567000
  1916  219.568000
  1917  219.570000
  1918  219.571000
  1919  219.573000
  1920  219.574000
  1921  219.576000
  1922  219.577000
  1923  219.579000
  1924  219.580000
  1925  219.581000
  1926  219.583000
  1927  219.584000
  1928  219.586000
  1929  219.587000
  1930  219.588000
  1931  219.590000
  1932  219.591000
  1933  219.592000
  1934  219.594000
  1935  219.595000
  1936  219.597000
  1937  219.598000
  1938  219.599000
  1939  219.600000
  1940  219.602000
  1941  219.603000
  1942  219.604000
  1943  219.606000
  1944  219.607000
  1945  219.608000
  1946  219.610000
  1947  219.611000
  1948  219.613000
  1949  219.614000
  1950  219.615000
  1951  219.616000
  1952  219.618000
  1953  219.619000
  1954  219.620000
  1955  219.622000
  1956  219.623000
  1957  219.624000
  1958  219.625000
  1959  219.627000
  1960  219.628000
  1961  219.629000
  1962  219.630000
  1963  219.632000
  1964  219.633000
  1965  219.635000
  1966  219.635000
  1967  219.637000
  1968  219.638000
  1969  219.639000
  1970  219.640000
  1971  219.642000
  1972  219.643000
  1973  219.645000
  1974  219.645000
  1975  219.647000
  1976  219.648000
  1977  219.649000
  1978  219.650000
  1979  219.652000
  1980  219.653000
  1981  219.654000
  1982  219.655000
  1983  219.657000
  1984  219.658000
  1985  219.659000
  1986  219.660000
  1987  219.661000
  1988  219.662000
  1989  219.664000
  1990  219.665000
  1991  219.666000
  1992  219.667000
  1993  219.669000
  1994  219.670000
  1995  219.671000
  1996  219.672000
  1997  219.673000
  1998  219.674000
  1999  219.675000
  2000  219.676000
  2001  219.677000
  2002  219.679000
  2003  219.680000
  2004  219.681000
  2005  219.682000
  2006  219.683000
  2007  219.684000
  2008  219.686000
  2009  219.687000
  2010  219.688000
  2011  219.689000
  2012  219.690000
  2013  219.691000
  2014  219.692000
  2015  219.693000
  2016  219.695000
  2017  219.696000
  2018  219.697000
  2019  219.698000
  2020  219.699000
  2021  219.700000
  2022  219.701000
  2023  219.702000
  2024  219.703000
  2025  219.704000
  2026  219.705000
  2027  219.707000
  2028  219.707000
  2029  219.709000
  2030  219.710000
  2031  219.711000
  2032  219.712000
  2033  219.713000
  2034  219.714000
  2035  219.715000
  2036  219.716000
  2037  219.717000
  2038  219.718000
  2039  219.719000
  2040  219.720000
  2041  219.721000
  2042  219.722000
  2043  219.723000
  2044  219.724000
  2045  219.725000
  2046  219.726000
  2047  219.727000
  2048  219.728000
  2049  219.729000
  2050  219.730000
  2051  219.731000
  2052  219.732000
  2053  219.733000
  2054  219.734000
  2055  219.735000
  2056  219.736000
  2057  219.737000
  2058  219.738000
  2059  219.739000
  2060  219.740000
  2061  219.741000
  2062  219.742000
  2063  219.743000
  2064  219.744000
  2065  219.745000
  2066  219.746000
  2067  219.747000
  2068  219.748000
  2069  219.749000
  2070  219.750000
  2071  219.751000
  2072  219.751000
  2073  219.752000
  2074  219.753000
  2075  219.755000
  2076  219.755000
  2077  219.756000
  2078  219.757000
  2079  219.758000
  2080  219.759000
  2081  219.760000
  2082  219.761000
  2083  219.762000
  2084  219.763000
  2085  219.763000
  2086  219.764000
  2087  219.765000
  2088  219.766000
  2089  219.767000
  2090  219.768000
  2091  219.769000
  2092  219.770000
  2093  219.771000
  2094  219.772000
  2095  219.772000
  2096  219.773000
  2097  219.774000
  2098  219.775000
  2099  219.776000
  2100  219.777000
  2101  219.778000
  2102  219.778000
  2103  219.779000
  2104  219.780000
  2105  219.781000
  2106  219.782000
  2107  219.783000
  2108  219.784000
  2109  219.784000
  2110  219.785000
  2111  219.786000
  2112  219.787000
  2113  219.788000
  2114  219.789000
  2115  219.789000
  2116  219.790000
  2117  219.791000
  2118  219.792000
  2119  219.793000
  2120  219.793000
  2121  219.794000
  2122  219.795000
  2123  219.796000
  2124  219.797000
  2125  219.797000
  2126  219.798000
  2127  219.799000
  2128  219.800000
  2129  219.801000
  2130  219.801000
  2131  219.802000
  2132  219.803000
  2133  219.804000
  2134  219.804000
  2135  219.805000
  2136  219.806000
  2137  219.807000
  2138  219.807000
  2139  219.808000
  2140  219.809000
  2141  219.810000
  2142  219.810000
  2143  219.811000
  2144  219.812000
  2145  219.813000
  2146  219.813000
  2147  219.814000
  2148  219.815000
  2149  219.816000
  2150  219.816000
  2151  219.817000
  2152  219.818000
  2153  219.819000
  2154  219.819000
  2155  219.820000
  2156  219.820000
  2157  219.821000
  2158  219.822000
  2159  219.823000
  2160  219.823000
  2161  219.824000
  2162  219.825000
  2163  219.826000
  2164  219.826000
  2165  219.827000
  2166  219.828000
  2167  219.828000
  2168  219.829000
  2169  219.829000
  2170  219.830000
  2171  219.831000
  2172  219.832000
  2173  219.832000
  2174  219.833000
  2175  219.833000
  2176  219.834000
  2177  219.835000
  2178  219.836000
  2179  219.836000
  2180  219.837000
  2181  219.838000
  2182  219.838000
  2183  219.839000
  2184  219.839000
  2185  219.840000
  2186  219.841000
  2187  219.841000
  2188  219.842000
  2189  219.843000
  2190  219.843000
  2191  219.844000
  2192  219.845000
  2193  219.845000
  2194  219.846000
  2195  219.846000
  2196  219.847000
  2197  219.847000
  2198  219.848000
  2199  219.849000
  2200  219.850000
  2201  219.850000
  2202  219.850000
  2203  219.851000
  2204  219.851000
  2205  219.852000
  2206  219.853000
  2207  219.853000
  2208  219.854000
  2209  219.855000
  2210  219.855000
  2211  219.856000
  2212  219.856000
  2213  219.857000
  2214  219.857000
  2215  219.858000
  2216  219.859000
  2217  219.859000
  2218  219.860000
  2219  219.860000
  2220  219.861000
  2221  219.861000
  2222  219.862000
  2223  219.862000
  2224  219.863000
  2225  219.863000
  2226  219.864000
  2227  219.864000
  2228  219.865000
  2229  219.865000
  2230  219.866000
  2231  219.867000
  2232  219.867000
  2233  219.868000
  2234  219.868000
  2235  219.869000
  2236  219.869000
  2237  219.870000
  2238  219.870000
  2239  219.870000
  2240  219.871000
  2241  219.872000
  2242  219.872000
  2243  219.872000
  2244  219.873000
  2245  219.874000
  2246  219.874000
  2247  219.875000
  2248  219.875000
  2249  219.875000
  2250  219.876000
  2251  219.876000
  2252  219.877000
  2253  219.877000
  2254  219.878000
  2255  219.878000
  2256  219.879000
  2257  219.879000
  2258  219.880000
  2259  219.880000
  2260  219.881000
  2261  219.881000
  2262  219.882000
  2263  219.882000
  2264  219.883000
  2265  219.883000
  2266  219.883000
  2267  219.884000
  2268  219.884000
  2269  219.884000
  2270  219.885000
  2271  219.885000
  2272  219.886000
  2273  219.887000
  2274  219.887000
  2275  219.887000
  2276  219.888000
  2277  219.888000
  2278  219.888000
  2279  219.888000
  2280  219.889000
  2281  219.890000
  2282  219.890000
  2283  219.890000
  2284  219.891000
  2285  219.891000
  2286  219.892000
  2287  219.892000
  2288  219.892000
  2289  219.893000
  2290  219.893000
  2291  219.893000
  2292  219.894000
  2293  219.894000
  2294  219.895000
  2295  219.895000
  2296  219.895000
  2297  219.896000
  2298  219.896000
  2299  219.896000
  2300  219.897000
  2301  219.897000
  2302  219.897000
  2303  219.898000
  2304  219.898000
  2305  219.898000
  2306  219.899000
  2307  219.899000
  2308  219.900000
  2309  219.900000
  2310  219.900000
  2311  219.901000
  2312  219.901000
  2313  219.901000
  2314  219.902000
  2315  219.902000
  2316  219.902000
  2317  219.902000
  2318  219.903000
  2319  219.903000
  2320  219.904000
  2321  219.904000
  2322  219.904000
  2323  219.905000
  2324  219.905000
  2325  219.905000
  2326  219.905000
  2327  219.906000
  2328  219.906000
  2329  219.906000
  2330  219.906000
  2331  219.907000
  2332  219.907000
  2333  219.907000
  2334  219.908000
  2335  219.908000
  2336  219.908000
  2337  219.908000
  2338  219.909000
  2339  219.909000
  2340  219.909000
  2341  219.909000
  2342  219.910000
  2343  219.910000
  2344  219.910000
  2345  219.911000
  2346  219.911000
  2347  219.911000
  2348  219.911000
  2349  219.912000
  2350  219.912000
  2351  219.912000
  2352  219.913000
  2353  219.913000
  2354  219.913000
  2355  219.913000
  2356  219.913000
  2357  219.914000
  2358  219.914000
  2359  219.914000
  2360  219.914000
  2361  219.915000
  2362  219.915000
  2363  219.915000
  2364  219.915000
  2365  219.915000
  2366  219.916000
  2367  219.916000
  2368  219.916000
  2369  219.917000
  2370  219.916000
  2371  219.917000
  2372  219.917000
  2373  219.917000
  2374  219.917000
  2375  219.918000
  2376  219.918000
  2377  219.918000
  2378  219.918000
  2379  219.919000
  2380  219.918000
  2381  219.918000
  2382  219.919000
  2383  219.919000
  2384  219.919000
  2385  219.920000
  2386  219.920000
  2387  219.920000
  2388  219.920000
  2389  219.920000
  2390  219.920000
  2391  219.920000
  2392  219.920000
  2393  219.921000
  2394  219.921000
  2395  219.921000
  2396  219.922000
  2397  219.922000
  2398  219.922000
  2399  219.922000
  2400  219.922000
  2401  219.922000
  2402  219.922000
  2403  219.922000
  2404  219.923000
  2405  219.923000
  2406  219.923000
  2407  219.923000
  2408  219.923000
  2409  219.923000
  2410  219.923000
  2411  219.924000
  2412  219.923000
  2413  219.924000
  2414  219.924000
  2415  219.924000
  2416  219.924000
  2417  219.925000
  2418  219.924000
  2419  219.924000
  2420  219.924000
  2421  219.925000
  2422  219.925000
  2423  219.925000
  2424  219.925000
  2425  219.925000
  2426  219.925000
  2427  219.925000
  2428  219.925000
  2429  219.926000
  2430  219.925000
  2431  219.926000
  2432  219.926000
  2433  219.926000
  2434  219.926000
  2435  219.926000
  2436  219.926000
  2437  219.926000
  2438  219.926000
  2439  219.926000
  2440  219.926000
  2441  219.926000
  2442  219.927000
  2443  219.927000
  2444  219.927000
  2445  219.927000
  2446  219.927000
  2447  219.927000
  2448  219.927000
  2449  219.927000
  2450  219.927000
  2451  219.927000
  2452  219.927000
  2453  219.927000
  2454  219.928000
  2455  219.927000
  2456  219.927000
  2457  219.927000
  2458  219.927000
  2459  219.927000
  2460  219.928000
  2461  219.928000
  2462  219.928000
  2463  219.927000
  2464  219.928000
  2465  219.928000
  2466  219.928000
  2467  219.928000
  2468  219.928000
  2469  219.928000
  2470  219.928000
  2471  219.928000
  2472  219.928000
  2473  219.928000
  2474  219.928000
  2475  219.928000
  2476  219.928000
  2477  219.928000
  2478  219.928000
  2479  219.928000
  2480  219.928000
  2481  219.928000
  2482  219.928000
  2483  219.928000
  2484  219.928000
  2485  219.928000
  2486  219.928000
  2487  219.928000
  2488  219.928000
  2489  219.928000
  2490  219.928000
  2491  219.928000
  2492  219.928000
  2493  219.927000
  2494  219.928000
  2495  219.928000
  2496  219.927000
  2497  219.928000
  2498  219.928000
  2499  219.927000
  2500  219.927000
  2501  219.928000
  2502  219.927000
  2503  219.927000
  2504  219.927000
  2505  219.928000
  2506  219.927000
  2507  219.927000
  2508  219.927000
  2509  219.927000
  2510  219.927000
  2511  219.927000
  2512  219.927000
  2513  219.927000
  2514  219.927000
  2515  219.927000
  2516  219.927000
  2517  219.927000
  2518  219.927000
  2519  219.927000
  2520  219.927000
  2521  219.926000
  2522  219.926000
  2523  219.926000
  2524  219.926000
  2525  219.926000
  2526  219.926000
  2527  219.926000
  2528  219.926000
  2529  219.926000
  2530  219.926000
  2531  219.925000
  2532  219.925000
  2533  219.925000
  2534  219.925000
  2535  219.925000
  2536  219.925000
  2537  219.925000
  2538  219.925000
  2539  219.925000
  2540  219.925000
  2541  219.924000
  2542  219.925000
  2543  219.924000
  2544  219.924000
  2545  219.924000
  2546  219.924000
  2547  219.924000
  2548  219.924000
  2549  219.923000
  2550  219.923000
  2551  219.923000
  2552  219.923000
  2553  219.923000
  2554  219.923000
  2555  219.923000
  2556  219.923000
  2557  219.923000
  2558  219.923000
  2559  219.922000
  2560  219.922000
  2561  219.922000
  2562  219.922000
  2563  219.922000
  2564  219.922000
  2565  219.921000
  2566  219.922000
  2567  219.921000
  2568  219.921000
  2569  219.921000
  2570  219.921000
  2571  219.921000
  2572  219.920000
  2573  219.920000
  2574  219.920000
  2575  219.920000
  2576  219.920000
  2577  219.920000
  2578  219.919000
  2579  219.919000
  2580  219.919000
  2581  219.919000
  2582  219.919000
  2583  219.919000
  2584  219.919000
  2585  219.918000
  2586  219.918000
  2587  219.918000
  2588  219.918000
  2589  219.917000
  2590  219.917000
  2591  219.917000
  2592  219.917000
  2593  219.917000
  2594  219.916000
  2595  219.917000
  2596  219.916000
  2597  219.916000
  2598  219.916000
  2599  219.916000
  2600  219.915000
  2601  219.915000
  2602  219.915000
  2603  219.915000
  2604  219.915000
  2605  219.914000
  2606  219.914000
  2607  219.914000
  2608  219.914000
  2609  219.913000
  2610  219.913000
  2611  219.913000
  2612  219.913000
  2613  219.912000
  2614  219.913000
  2615  219.912000
  2616  219.912000
  2617  219.912000
  2618  219.911000
  2619  219.911000
  2620  219.911000
  2621  219.911000
  2622  219.910000
  2623  219.911000
  2624  219.910000
  2625  219.910000
  2626  219.910000
  2627  219.909000
  2628  219.909000
  2629  219.909000
  2630  219.909000
  2631  219.909000
  2632  219.908000
  2633  219.908000
  2634  219.907000
  2635  219.907000
  2636  219.907000
  2637  219.907000
  2638  219.906000
  2639  219.907000
  2640  219.906000
  2641  219.906000
  2642  219.906000
  2643  219.905000
  2644  219.905000
  2645  219.905000
  2646  219.904000
  2647  219.904000
  2648  219.904000
  2649  219.904000
  2650  219.904000
  2651  219.903000
  2652  219.903000
  2653  219.902000
  2654  219.902000
  2655  219.902000
  2656  219.902000
  2657  219.902000
  2658  219.901000
  2659  219.901000
  2660  219.901000
  2661  219.900000
  2662  219.900000
  2663  219.899000
  2664  219.900000
  2665  219.899000
  2666  219.899000
  2667  219.899000
  2668  219.898000
  2669  219.898000
  2670  219.897000
  2671  219.898000
  2672  219.897000
  2673  219.897000
  2674  219.896000
  2675  219.896000
  2676  219.895000
  2677  219.896000
  2678  219.895000
  2679  219.895000
  2680  219.895000
  2681  219.894000
  2682  219.894000
  2683  219.894000
  2684  219.893000
  2685  219.893000
  2686  219.893000
  2687  219.892000
  2688  219.892000
  2689  219.892000
  2690  219.891000
  2691  219.891000
  2692  219.890000
  2693  219.890000
  2694  219.890000
  2695  219.890000
  2696  219.889000
  2697  219.889000
  2698  219.889000
  2699  219.888000
  2700  219.887000
  2701  219.888000
  2702  219.887000
  2703  219.887000
  2704  219.887000
  2705  219.886000
  2706  219.886000
  2707  219.885000
  2708  219.885000
  2709  219.884000
  2710  219.884000
  2711  219.884000
  2712  219.883000
  2713  219.883000
  2714  219.883000
  2715  219.882000
  2716  219.882000
  2717  219.882000
  2718  219.881000
  2719  219.881000
  2720  219.880000
  2721  219.880000
  2722  219.880000
  2723  219.880000
  2724  219.879000
  2725  219.879000
  2726  219.878000
  2727  219.878000
  2728  219.877000
  2729  219.877000
  2730  219.877000
  2731  219.876000
  2732  219.876000
  2733  219.885000
  2734  219.914000
  2735  219.931000
  2736  220.000000
  2737  219.486000
  2738  217.599000
  2739  214.855000
  2740  212.066000
  2741  209.182000
  2742  206.219000
  2743  203.174000
  2744  200.070000
  2745  196.910000
  2746  193.693000
  2747  190.421000
  2748  187.093000
  2749  183.710000
  2750  180.272000
  2751  176.782000
  2752  173.240000
  2753  169.646000
  2754  166.004000
  2755  162.314000
  2756  158.576000
  2757  154.792000
  2758  150.965000
  2759  147.093000
  2760  143.179000
  2761  139.225000
  2762  135.231000
  2763  131.198000
  2764  127.128000
  2765  123.022000
  2766  118.881000
  2767  114.708000
  2768  110.503000
  2769  106.266000
  2770  102.002000
  2771  97.709000
  2772  93.389000
  2773  89.044000
  2774  84.676000
  2775  80.285000
  2776  75.873000
  2777  71.441000
  2778  66.992000
  2779  62.525000
  2780  58.044000
  2781  53.548000
  2782  49.040000
  2783  44.520000
  2784  39.991000
  2785  35.454000
  2786  30.910000
  2787  26.361000
  2788  21.804000
  2789  17.217000
  2790  12.622000
  2791  7.999000
  2792  3.542000
  2793  0.771000
  2794  0.097000
  2795  0.130000
  2796  0.006000
  2797  0.002000
  2798  0.000000
  2799  0.003000
  2800  0.003000
  2801  0.003000
  2802  0.004000
  2803  0.003000
  2804  0.002000
  2805  0.001000
  2806  0.000000
  2807 -0.000000
  2808 -0.000000
  2809 -0.001000
  2810 -0.001000
  2811 -0.001000
  2812 -0.001000
  2813 -0.002000
  2814 -0.002000
  2815 -0.002000
  2816 -0.002000
  2817 -0.002000
  2818 -0.003000
  2819 -0.003000
  2820 -0.003000
  2821 -0.003000
  2822 -0.003000
  2823 -0.003000
  2824 -0.003000
  2825 -0.003000
  2826 -0.004000
  2827 -0.003000
  2828 -0.004000
  2829 -0.004000
  2830 -0.004000
  2831 -0.004000
  2832 -0.004000
  2833 -0.004000
  2834 -0.004000
  2835 -0.004000
  2836 -0.004000
  2837 -0.004000
  2838 -0.004000
  2839 -0.004000
  2840 -0.004000
  2841 -0.004000
  2842 -0.004000
  2843 -0.004000
  2844 -0.004000
  2845 -0.004000
  2846 -0.004000
  2847 -0.004000
  2848 -0.004000
  2849 -0.004000
  2850 -0.005000
  2851 -0.005000
  2852 -0.005000
  2853 -0.005000
  2854 -0.005000
  2855 -0.005000
  2856 -0.005000
  2857 -0.005000
  2858 -0.005000
  2859 -0.005000
  2860 -0.005000
  2861 -0.005000
  2862 -0.005000
  2863 -0.005000
  2864 -0.005000
  2865 -0.005000
  2866 -0.005000
  2867 -0.005000
  2868 -0.005000
  2869 -0.005000
  2870 -0.005000
  2871 -0.005000
  2872 -0.005000
  2873 -0.005000
  2874 -0.005000
  2875 -0.005000
  2876 -0.005000
  2877 -0.005000
  2878 -0.005000
  2879 -0.005000
  2880 -0.005000
  2881 -0.005000
  2882 -0.005000
  2883 -0.005000
  2884 -0.005000
  2885 -0.005000
  2886 -0.005000
  2887 -0.005000
  2888 -0.005000
  2889 -0.005000
  2890 -0.005000
  2891 -0.005000
  2892 -0.005000
  2893 -0.005000
  2894 -0.005000
  2895 -0.005000
  2896 -0.005000
  2897 -0.005000
  2898 -0.005000
  2899 -0.005000
  2900 -0.005000
  2901 -0.005000
  2902 -0.005000
  2903 -0.005000
  2904 -0.005000
  2905 -0.005000
  2906 -0.005000
  2907 -0.005000
  2908 -0.005000
  2909 -0.005000
  2910 -0.005000
  2911 -0.005000
  2912 -0.005000
  2913 -0.005000
  2914 -0.005000
  2915 -0.005000
  2916 -0.005000
  2917 -0.005000
  2918 -0.005000
  2919 -0.005000
  2920 -0.005000
  2921 -0.004000
  2922 -0.004000
  2923 -0.004000
  2924 -0.004000
  2925 -0.004000
  2926 -0.004000
  2927 -0.004000
  2928 -0.004000
  2929 -0.004000
  2930 -0.004000
  2931 -0.004000
  2932 -0.004000
  2933 -0.004000
  2934 -0.004000
  2935 -0.004000
  2936 -0.004000
  2937 -0.004000
  2938 -0.004000
  2939 -0.004000
  2940 -0.004000
  2941 -0.004000
  2942 -0.004000
  2943 -0.004000
  2944 -0.004000
  2945 -0.004000
  2946 -0.004000
  2947 -0.004000
  2948 -0.004000
  2949 -0.004000
  2950 -0.004000
  2951 -0.004000
  2952 -0.004000
  2953 -0.004000
  2954 -0.004000
  2955 -0.004000
  2956 -0.004000
  2957 -0.004000
  2958 -0.004000
  2959 -0.004000
  2960 -0.004000
  2961 -0.004000
  2962 -0.004000
  2963 -0.004000
  2964 -0.004000
  2965 -0.004000
  2966 -0.004000
  2967 -0.004000
  2968 -0.003000
  2969 -0.003000
  2970 -0.003000
  2971 -0.003000
  2972 -0.003000
  2973 -0.003000
  2974 -0.003000
  2975 -0.003000
  2976 -0.003000
  2977 -0.003000
  2978 -0.003000
  2979 -0.003000
  2980 -0.003000
  2981 -0.003000
  2982 -0.003000
  2983 -0.003000
  2984 -0.003000
  2985 -0.003000
  2986 -0.003000
  2987 -0.003000
  2988 -0.003000
  2989 -0.003000
  2990 -0.003000
  2991 -0.003000
  2992 -0.003000
  2993 -0.003000
  2994 -0.003000
  2995 -0.003000
  2996 -0.003000
  2997 -0.003000
  2998 -0.003000
  2999 -0.003000
  3000 -0.003000
  3001 -0.003000
  3002 -0.003000
  3003 -0.003000
  3004 -0.003000
  3005 -0.003000
  3006 -0.002000
  3007 -0.002000
  3008 -0.002000
  3009 -0.002000
  3010 -0.002000
  3011 -0.003000
  3012 -0.003000
  3013 -0.003000
  3014 -0.003000
  3015 -0.002000
  3016 -0.002000
  3017 -0.002000
  3018 -0.002000
  3019 -0.002000
  3020 -0.002000
  3021 -0.002000
  3022 -0.002000
  3023 -0.002000
  3024 -0.002000
  3025 -0.002000
  3026 -0.002000
  3027 -0.002000
  3028 -0.002000
  3029 -0.002000
  3030 -0.002000
  3031 -0.002000
  3032 -0.002000
  3033 -0.002000
  3034 -0.002000
  3035 -0.002000
  3036 -0.002000
  3037 -0.002000
  3038 -0.002000
  3039 -0.002000
  3040 -0.002000
  3041 -0.002000
  3042 -0.002000
  3043 -0.002000
  3044 -0.002000
  3045 -0.002000
  3046 -0.002000
  3047 -0.002000
  3048 -0.002000
  3049 -0.002000
  3050 -0.002000
  3051 -0.002000
  3052 -0.002000
  3053 -0.001000
  3054 -0.001000
  3055 -0.001000
  3056 -0.001000
  3057 -0.001000
  3058 -0.002000
  3059 -0.001000
  3060 -0.001000
  3061 -0.001000
  3062 -0.001000
  3063 -0.001000
  3064 -0.001000
  3065 -0.001000
  3066 -0.001000
  3067 -0.001000
  3068 -0.001000
  3069 -0.001000
  3070 -0.001000
  3071 -0.001000
  3072 -0.001000
  3073 -0.001000
  3074 -0.001000
  3075 -0.001000
  3076 -0.001000
  3077 -0.001000
  3078 -0.001000
  3079 -0.001000
  3080 -0.001000
  3081 -0.001000
  3082 -0.001000
  3083 -0.001000
  3084 -0.001000
  3085 -0.001000
  3086 -0.001000
  3087 -0.001000
  3088 -0.001000
  3089 -0.001000
  3090 -0.001000
  3091 -0.001000
  3092 -0.001000
  3093 -0.001000
  3094 -0.001000
  3095 -0.001000
  3096 -0.001000
  3097 -0.001000
  3098 -0.001000
  3099 -0.001000
  3100 -0.001000
  3101 -0.000000
  3102 -0.000000
  3103 -0.000000
  3104 -0.000000
  3105 -0.001000
  3106 -0.001000
  3107 -0.000000
  3108 -0.000000
  3109 -0.000000
  3110 -0.000000
  3111 -0.000000
  3112 -0.000000
  3113 -0.000000
  3114 -0.000000
  3115 -0.000000
  3116 -0.000000
  3117 -0.000000
  3118 -0.000000
  3119 -0.000000
  3120 -0.000000
  3121 -0.000000
  3122 -0.000000
  3123 -0.000000
  3124 -0.000000
  3125 -0.000000
  3126 -0.000000
  3127 -0.000000
  3128  0.000000
  3129  0.000000
  3130  0.000000
  3131  0.000000
  3132  0.000000
  3133  0.000000
  3134  0.000000
  3135  0.000000
  3136  0.000000
  3137  0.000000
  3138  0.000000
  3139  0.000000
  3140  0.000000
  3141  0.000000
  3142  0.000000
  3143  0.000000
  3144  0.000000
  3145  0.000000
  3146  0.000000
  3147  0.001000
  3148  0.001000
  3149  0.001000
  3150  0.001000
  3151  0.001000
  3152  0.001000
  3153  0.001000
  3154  0.001000
  3155  0.001000
  3156  0.001000
  3157  0.001000
  3158  0.001000
  3159  0.001000
  3160  0.001000
  3161  0.001000
  3162  0.001000
  3163  0.001000
  3164  0.001000
  3165  0.001000
  3166  0.001000
  3167  0.001000
  3168  0.001000
  3169  0.001000
  3170  0.001000
  3171  0.001000
  3172  0.001000
  3173  0.001000
  3174  0.001000
  3175  0.001000
  3176  0.001000
  3177  0.001000
  3178  0.001000
  3179  0.001000
  3180  0.001000
  3181  0.001000
  3182  0.001000
  3183  0.001000
  3184  0.001000
  3185  0.001000
  3186  0.001000
  3187  0.001000
  3188  0.001000
  3189  0.001000
  3190  0.001000
  3191  0.001000
  3192  0.001000
  3193  0.001000
  3194  0.001000
  3195  0.001000
  3196  0.001000
  3197  0.001000
  3198  0.001000
  3199  0.001000
  3200  0.001000
  3201  0.001000
  3202  0.001000
  3203  0.001000
  3204  0.001000
  3205  0.001000
  3206  0.001000
  3207  0.001000
  3208  0.001000
  3209  0.001000
  3210  0.001000
  3211  0.001000
  3212  0.002000
  3213  0.002000
  3214  0.002000
  3215  0.002000
  3216  0.002000
  3217  0.002000
  3218  0.001000
  3219  0.001000
  3220  0.002000
  3221  0.002000
  3222  0.002000
  3223  0.002000
  3224  0.002000
  3225  0.002000
  3226  0.002000
  3227  0.002000
  3228  0.002000
  3229  0.002000
  3230  0.002000
  3231  0.002000
  3232  0.002000
  3233  0.002000
  3234  0.002000
  3235  0.002000
  3236  0.002000
  3237  0.002000
  3238  0.002000
  3239  0.002000
  3240  0.002000
  3241  0.002000
  3242  0.002000
  3243  0.002000
  3244  0.002000
  3245  0.002000
  3246  0.002000
  3247  0.002000
  3248  0.002000
  3249  0.002000
  3250  0.002000
  3251  0.002000
  3252  0.002000
  3253  0.002000
  3254  0.002000
  3255  0.002000
  3256  0.002000
  3257  0.002000
  3258  0.002000
  3259  0.002000
  3260  0.002000
  3261  0.002000
  3262  0.002000
  3263  0.002000
  3264  0.002000
  3265  0.002000
  3266  0.002000
  3267  0.002000
  3268  0.002000
  3269  0.002000
  3270  0.002000
  3271  0.002000
  3272  0.002000
  3273  0.002000
  3274  0.002000
  3275  0.002000
  3276  0.002000
  3277  0.002000
  3278  0.002000
  3279  0.002000
  3280  0.002000
  3281  0.002000
  3282  0.002000
  3283  0.002000
  3284  0.002000
  3285  0.002000
  3286  0.002000
  3287  0.002000
  3288  0.002000
  3289  0.002000
  3290  0.002000
  3291  0.002000
  3292  0.002000
  3293  0.002000
  3294  0.002000
  3295  0.002000
  3296  0.002000
  3297  0.002000
  3298  0.002000
  3299  0.002000
  3300  0.002000
  3301  0.002000
  3302  0.002000
  3303  0.002000
  3304  0.002000
  3305  0.002000
  3306  0.002000
  3307  0.002000
  3308  0.003000
  3309  0.003000
  3310  0.003000
  3311  0.003000
  3312  0.003000
  3313  0.002000
  3314  0.003000
  3315  0.003000
  3316  0.003000
  3317  0.003000
  3318  0.003000
  3319  0.003000
  3320  0.003000
  3321  0.003000
  3322  0.003000
  3323  0.003000
  3324  0.003000
  3325  0.003000
  3326  0.003000
  3327  0.003000
  3328  0.003000
  3329  0.003000
  3330  0.003000
  3331  0.003000
  3332  0.003000
  3333  0.003000
  3334  0.003000
  3335  0.003000
  3336  0.003000
  3337  0.003000
  3338  0.003000
  3339  0.003000
  3340  0.003000
  3341  0.003000
  3342  0.003000
  3343  0.003000
  3344  0.003000
  3345  0.003000
  3346  0.003000
  3347  0.003000
  3348  0.003000
  3349  0.003000
  3350  0.003000
  3351  0.003000
  3352  0.003000
  3353  0.003000
  3354  0.003000
  3355  0.003000
  3356  0.003000
  3357  0.003000
  3358  0.003000
  3359  0.003000
  3360  0.003000
  3361  0.003000
  3362  0.003000
  3363  0.003000
  3364  0.003000
  3365  0.003000
  3366  0.003000
  3367  0.003000
  3368  0.003000
  3369  0.003000
  3370  0.003000
  3371  0.003000
  3372  0.003000
  3373  0.003000
  3374  0.003000
  3375  0.003000
  3376  0.003000
  3377  0.003000
  3378  0.003000
  3379  0.003000
  3380  0.003000
  3381  0.003000
  3382  0.003000
  3383  0.003000
  3384  0.003000
  3385  0.003000
  3386  0.003000
  3387  0.003000
  3388  0.003000
  3389  0.003000
  3390  0.003000
  3391  0.003000
  3392  0.003000
  3393  0.003000
  3394  0.003000
  3395  0.003000
  3396  0.003000
  3397  0.003000
  3398  0.003000
  3399  0.003000
  3400  0.003000
  3401  0.003000
  3402  0.003000
  3403  0.003000
  3404  0.003000
  3405  0.003000
  3406  0.003000
  3407  0.003000
  3408  0.003000
  3409  0.003000
  3410  0.003000
  3411  0.003000
  3412  0.003000
  3413  0.003000
  3414  0.003000
  3415  0.003000
  3416  0.003000
  3417  0.003000
  3418  0.003000
  3419  0.003000
  3420  0.003000
  3421  0.003000
  3422  0.003000
  3423  0.003000
  3424  0.003000
  3425  0.003000
  3426  0.003000
  3427  0.003000
  3428  0.003000
  3429  0.003000
  3430  0.003000
  3431  0.003000
  3432  0.003000
  3433  0.003000
  3434  0.003000
  3435  0.003000
  3436  0.003000
  3437  0.003000
  3438  0.003000
  3439  0.003000
  3440  0.003000
  3441  0.003000
  3442  0.003000
  3443  0.003000
  3444  0.003000
  3445  0.003000
  3446  0.003000
  3447  0.003000
  3448  0.003000
  3449  0.003000
  3450  0.003000
  3451  0.003000
  3452  0.003000
  3453  0.003000
  3454  0.003000
  3455  0.003000
  3456  0.003000
  3457  0.003000
  3458  0.003000
  3459  0.003000
  3460  0.003000
  3461  0.003000
  3462  0.003000
  3463  0.003000
  3464  0.003000
  3465  0.003000
  3466  0.003000
  3467  0.003000
  3468  0.003000
  3469  0.003000
  3470  0.003000
  3471  0.003000
  3472  0.003000
  3473  0.003000
  3474  0.003000
  3475  0.003000
  3476  0.003000
  3477  0.003000
  3478  0.004000
  3479  0.004000
  3480  0.004000
  3481  0.003000
  3482  0.003000
  3483  0.003000
  3484  0.003000
  3485  0.003000
  3486  0.003000
  3487  0.003000
  3488  0.003000
  3489  0.003000
  3490  0.003000
  3491  0.003000
  3492  0.003000
  3493  0.003000
  3494  0.003000
  3495  0.003000
  3496  0.003000
  3497  0.003000
  3498  0.003000
  3499  0.003000
  3500  0.003000
  3501  0.003000
  3502  0.003000
  3503  0.003000
  3504  0.003000
  3505  0.004000
  3506  0.004000
  3507  0.004000
  3508  0.004000
  3509  0.004000
  3510  0.003000
  3511  0.003000
  3512  0.003000
  3513  0.003000
  3514  0.003000
  3515  0.004000
  3516  0.004000
  3517  0.004000
  3518  0.004000
  3519  0.003000
  3520  0.003000
  3521  0.003000
  3522  0.003000
  3523  0.003000
  3524  0.003000
  3525  0.004000
  3526  0.004000
  3527  0.004000
  3528  0.004000
  3529  0.004000
  3530  0.004000
  3531  0.004000
  3532  0.004000
  3533  0.004000
  3534  0.004000
  3535  0.004000
  3536  0.004000
  3537  0.004000
  3538  0.004000
  3539  0.003000
  3540  0.004000
  3541  0.004000
  3542  0.004000
  3543  0.004000
  3544  0.004000
  3545  0.004000
  3546  0.004000
  3547  0.004000
  3548  0.004000
  3549  0.004000
  3550  0.004000
  3551  0.004000
  3552  0.004000
  3553  0.004000
  3554  0.004000
  3555  0.004000
  3556  0.004000
  3557  0.004000
  3558  0.004000
  3559  0.004000
  3560  0.004000
  3561  0.004000
  3562  0.004000
  3563  0.004000
  3564  0.004000
  3565  0.004000
  3566  0.004000
  3567  0.004000
  3568  0.004000
  3569  0.004000
  3570  0.004000
  3571  0.004000
  3572  0.004000
  3573  0.004000
  3574  0.004000
  3575  0.004000
  3576  0.004000
  3577  0.004000
  3578  0.004000
  3579  0.004000
  3580  0.004000
  3581  0.004000
  3582  0.004000
  3583  0.004000
  3584  0.004000
  3585  0.004000
  3586  0.004000
  3587  0.004000
  3588  0.004000
  3589  0.004000
  3590  0.004000
  3591  0.004000
  3592  0.004000
  3593  0.004000
  3594  0.004000
  3595  0.004000
  3596  0.004000
  3597  0.004000
  3598  0.003000
  3599  0.004000
  3600  0.004000
  3601  0.004000
  3602  0.004000
  3603  0.004000
  3604  0.004000
  3605  0.004000
  3606  0.004000
  3607  0.004000
  3608  0.004000
  3609  0.004000
  3610  0.004000
  3611  0.004000
  3612  0.004000
  3613  0.004000
  3614  0.004000
  3615  0.004000
  3616  0.004000
  3617  0.004000
  3618  0.004000
  3619  0.004000
  3620  0.004000
  3621  0.004000
  3622  0.004000
  3623  0.004000
  3624  0.004000
  3625  0.004000
  3626  0.004000
  3627  0.004000
  3628  0.004000
  3629  0.004000
  3630  0.004000
  3631  0.004000
  3632  0.004000
  3633  0.004000
  3634  0.004000
  3635  0.004000
  3636  0.004000
  3637  0.004000
  3638  0.004000
  3639  0.004000
  3640  0.004000
  3641  0.004000
  3642  0.004000
  3643  0.004000
  3644  0.004000
  3645  0.004000
  3646  0.004000
  3647  0.004000
  3648  0.004000
  3649  0.004000
  3650  0.004000
  3651  0.004000
  3652  0.004000
  3653  0.004000
  3654  0.004000
  3655  0.004000
  3656  0.004000
  3657  0.004000
  3658  0.004000
  3659  0.004000
  3660  0.004000
  3661  0.004000
  3662  0.004000
  3663  0.004000
  3664  0.004000
  3665  0.004000
  3666  0.004000
  3667  0.004000
  3668  0.004000
  3669  0.004000
  3670  0.004000
  3671  0.004000
  3672  0.004000
  3673  0.004000
  3674  0.004000
  3675  0.004000
  3676  0.004000
  3677  0.004000
  3678  0.004000
  3679  0.004000
  3680  0.004000
  3681  0.004000
  3682  0.004000
  3683  0.004000
  3684  0.004000
  3685  0.004000
  3686  0.004000
  3687  0.004000
  3688  0.004000
  3689  0.004000
  3690  0.004000
  3691  0.004000
  3692  0.003000
  3693  0.004000
  3694  0.004000
  3695  0.004000
  3696  0.004000
  3697  0.004000
  3698  0.004000
  3699  0.003000
  3700  0.004000
  3701  0.003000
  3702  0.003000
  3703  0.004000
  3704  0.004000
  3705  0.004000
  3706  0.004000
  3707  0.004000
  3708  0.004000
  3709  0.004000
  3710  0.004000
  3711  0.004000
  3712  0.004000
  3713  0.004000
  3714  0.004000
  3715  0.004000
  3716  0.004000
  3717  0.004000
  3718  0.003000
  3719  0.003000
  3720  0.003000
  3721  0.004000
  3722  0.004000
  3723  0.004000
  3724  0.004000
  3725  0.004000
  3726  0.004000
  3727  0.004000
  3728  0.004000
  3729  0.004000
  3730  0.004000
  3731  0.004000
  3732  0.004000
  3733  0.004000
  3734  0.004000
  3735  0.004000
  3736  0.004000
  3737  0.004000
  3738  0.004000
  3739  0.004000
  3740  0.004000
  3741  0.004000
  3742  0.004000
  3743  0.004000
  3744  0.004000
  3745  0.004000
  3746  0.004000
  3747  0.003000
  3748  0.003000
  3749  0.004000
  3750  0.004000
  3751  0.004000
  3752  0.004000
  3753  0.004000
  3754  0.004000
  3755  0.003000
  3756  0.003000
  3757  0.003000
  3758  0.003000
  3759  0.003000
  3760  0.004000
  3761  0.004000
  3762  0.004000
  3763  0.004000
  3764  0.004000
  3765  0.004000
  3766  0.004000
  3767  0.004000
  3768  0.004000
  3769  0.004000
  3770  0.004000
  3771  0.004000
  3772  0.004000
  3773  0.004000
  3774  0.003000
  3775  0.003000
  3776  0.003000
  3777  0.003000
  3778  0.003000
  3779  0.004000
  3780  0.004000
  3781  0.004000
  3782  0.004000
  3783  0.004000
  3784  0.004000
  3785  0.004000
  3786  0.004000
  3787  0.004000
  3788  0.004000
  3789  0.004000
  3790  0.004000
  3791  0.004000
  3792  0.004000
  3793  0.003000
  3794  0.003000
  3795  0.003000
  3796  0.003000
  3797  0.003000
  3798  0.004000
  3799  0.004000
  3800  0.004000
  3801  0.004000
  3802  0.004000
  3803  0.003000
  3804  0.003000
  3805  0.003000
  3806  0.003000
  3807  0.004000
  3808  0.004000
  3809  0.004000
  3810  0.004000
  3811  0.004000
  3812  0.003000
  3813  0.003000
  3814  0.003000
  3815  0.003000
  3816  0.004000
  3817  0.004000
  3818  0.004000
  3819  0.004000
  3820  0.004000
  3821  0.003000
  3822  0.003000
  3823  0.003000
  3824  0.003000
  3825  0.003000
  3826  0.004000
  3827  0.004000
  3828  0.004000
  3829  0.004000
  3830  0.003000
  3831  0.003000
  3832  0.003000
  3833  0.003000
  3834  0.003000
  3835  0.004000
  3836  0.004000
  3837  0.004000
  3838  0.004000
  3839  0.004000
  3840  0.003000
  3841  0.003000
  3842  0.003000
  3843  0.003000
  3844  0.003000
  3845  0.004000
  3846  0.004000
  3847  0.004000
  3848  0.004000
  3849  0.003000
  3850  0.003000
  3851  0.003000
  3852  0.003000
  3853  0.003000
  3854  0.004000
  3855  0.004000
  3856  0.004000
  3857  0.004000
  3858  0.004000
  3859  0.003000
  3860  0.003000
  3861  0.003000
  3862  0.003000
  3863  0.003000
  3864  0.004000
  3865  0.004000
  3866  0.004000
  3867  0.003000
  3868  0.003000
  3869  0.003000
  3870  0.003000
  3871  0.003000
  3872  0.003000
  3873  0.003000
  3874  0.003000
  3875  0.003000
  3876  0.003000
  3877  0.003000
  3878  0.003000
  3879  0.003000
  3880  0.003000
  3881  0.003000
  3882  0.003000
  3883  0.003000
  3884  0.003000
  3885  0.003000
  3886  0.003000
  3887  0.003000
  3888  0.003000
  3889  0.003000
  3890  0.003000
  3891  0.003000
  3892  0.003000
  3893  0.003000
  3894  0.003000
  3895  0.003000
  3896  0.003000
  3897  0.003000
  3898  0.003000
  3899  0.003000
  3900  0.003000
  3901  0.003000
  3902  0.004000
  3903  0.004000
  3904  0.004000
  3905  0.004000
  3906  0.003000
  3907  0.003000
  3908  0.003000
  3909  0.003000
  3910  0.003000
  3911  0.003000
  3912  0.003000
  3913  0.003000
  3914  0.003000
  3915  0.003000
  3916  0.003000
  3917  0.003000
  3918  0.003000
  3919  0.003000
  3920  0.003000
  3921  0.003000
  3922  0.003000
  3923  0.003000
  3924  0.003000
  3925  0.003000
  3926  0.003000
  3927  0.003000
  3928  0.003000
  3929  0.003000
  3930  0.003000
  3931  0.003000
  3932  0.003000
  3933  0.003000
  3934  0.003000
  3935  0.003000
  3936  0.003000
  3937  0.003000
  3938  0.003000
  3939  0.003000
  3940  0.003000
  3941  0.003000
  3942  0.003000
  3943  0.003000
  3944  0.003000
  3945  0.003000
  3946  0.003000
  3947  0.003000
  3948  0.003000
  3949  0.003000
  3950  0.003000
  3951  0.003000
  3952  0.003000
  3953  0.003000
  3954  0.003000
  3955  0.003000
  3956  0.003000
  3957  0.003000
  3958  0.003000
  3959  0.003000
  3960  0.003000
  3961  0.003000
  3962  0.003000
  3963  0.003000
  3964  0.003000
  3965  0.003000
  3966  0.003000
  3967  0.003000
  3968  0.003000
  3969  0.003000
  3970  0.003000
  3971  0.003000
  3972  0.003000
  3973  0.003000
  3974  0.003000
  3975  0.003000
  3976  0.003000
  3977  0.003000
  3978  0.003000
  3979  0.003000
  3980  0.003000
  3981  0.003000
  3982  0.003000
  3983  0.003000
  3984  0.003000
  3985  0.003000
  3986  0.003000
  3987  0.003000
  3988  0.003000
  3989  0.003000
  3990  0.003000
  3991  0.003000
  3992  0.003000
  3993  0.003000
  3994  0.003000
  3995  0.003000
  3996  0.003000
  3997  0.003000
  3998  0.003000
  3999  0.003000
  4000  0.003000
  4001  0.003000
  4002  0.003000
  4003  0.003000
  4004  0.003000
  4005  0.003000
  4006  0.003000
  4007  0.003000
  4008  0.003000
  4009  0.003000
  4010  0.003000
  4011  0.003000
  4012  0.003000
  4013  0.003000
  4014  0.003000
  4015  0.003000
  4016  0.003000
  4017  0.003000
  4018  0.003000
  4019  0.003000
  4020  0.003000
  4021  0.003000
  4022  0.003000
  4023  0.003000
  4024  0.003000
  4025  0.003000
  4026  0.003000
  4027  0.003000
  4028  0.003000
  4029  0.003000
  4030  0.003000
  4031  0.003000
  4032  0.003000
  4033  0.003000
  4034  0.003000
  4035  0.003000
  4036  0.003000
  4037  0.003000
  4038  0.003000
  4039  0.003000
  4040  0.003000
  4041  0.003000
  4042  0.003000
  4043  0.003000
  4044  0.003000
  4045  0.003000
  4046  0.003000
  4047  0.003000
  4048  0.003000
  4049  0.003000
  4050  0.003000
  4051  0.003000
  4052  0.003000
  4053  0.003000
  4054  0.003000
  4055  0.003000
  4056  0.003000
  4057  0.003000
  4058  0.003000
  4059  0.003000
  4060  0.003000
  4061  0.003000
  4062  0.003000
  4063  0.003000
  4064  0.003000
  4065  0.003000
  4066  0.003000
  4067  0.003000
  4068  0.003000
  4069  0.003000
  4070  0.003000
  4071  0.003000
  4072  0.003000
  4073  0.003000
  4074  0.003000
  4075  0.003000
  4076  0.003000
  4077  0.003000
  4078  0.003000
  4079  0.003000
  4080  0.003000
  4081  0.003000
  4082  0.003000
  4083  0.003000
  4084  0.003000
  4085  0.003000
  4086  0.003000
  4087  0.003000
  4088  0.003000
  4089  0.003000
  4090  0.003000
  4091  0.003000
  4092  0.003000
  4093  0.003000
  4094  0.003000
  4095  0.003000
  4096  0.003000
  4097  0.003000
  4098  0.003000
  4099  0.003000
  4100  0.003000
  4101  0.003000
  4102  0.003000
  4103  0.003000
  4104  0.003000
  4105  0.003000
  4106  0.003000
  4107  0.003000
  4108  0.003000
  4109  0.003000
  4110  0.003000
  4111  0.003000
  4112  0.003000
  4113  0.003000
  4114  0.003000
  4115  0.003000
  4116  0.003000
  4117  0.003000
  4118  0.003000
  4119  0.003000
  4120  0.003000
  4121  0.003000
  4122  0.003000
  4123  0.003000
  4124  0.003000
  4125  0.003000
  4126  0.003000
  4127  0.003000
  4128  0.003000
  4129  0.003000
  4130  0.003000
  4131  0.003000
  4132  0.003000
  4133  0.003000
  4134  0.003000
  4135  0.003000
  4136  0.003000
  4137  0.003000
  4138  0.003000
  4139  0.003000
  4140  0.003000
  4141  0.003000
  4142  0.003000
  4143  0.003000
  4144  0.003000
  4145  0.003000
  4146  0.003000
  4147  0.003000
  4148  0.003000
  4149  0.003000
  4150  0.003000
  4151  0.003000
  4152  0.003000
  4153  0.003000
  4154  0.003000
  4155  0.003000
  4156  0.003000
  4157  0.003000
  4158  0.003000
  4159  0.003000
  4160  0.003000
  4161  0.003000
  4162  0.003000
  4163  0.003000
  4164  0.003000
  4165  0.003000
  4166  0.003000
  4167  0.003000
  4168  0.003000
  4169  0.003000
  4170  0.003000
  4171  0.003000
  4172  0.003000
  4173  0.003000
  4174  0.003000
  4175  0.003000
  4176  0.003000
  4177  0.003000
  4178  0.003000
  4179  0.003000
  4180  0.003000
  4181  0.003000
  4182  0.003000
  4183  0.003000
  4184  0.003000
  4185  0.003000
  4186  0.003000
  4187  0.003000
  4188  0.003000
  4189  0.003000
  4190  0.003000
  4191  0.003000
  4192  0.003000
  4193  0.003000
  4194  0.003000
  4195  0.003000
  4196  0.003000
  4197  0.003000
  4198  0.003000
  4199  0.003000
  4200  0.003000
  4201  0.003000
  4202  0.003000
  4203  0.003000
  4204  0.003000
  4205  0.003000
  4206  0.003000
  4207  0.003000
  4208  0.003000
  4209  0.003000
  4210  0.003000
  4211  0.003000
  4212  0.003000
  4213  0.003000
  4214  0.003000
  4215  0.003000
  4216  0.003000
  4217  0.003000
  4218  0.003000
  4219  0.003000
  4220  0.003000
  4221  0.003000
  4222  0.003000
  4223  0.003000
  4224  0.003000
  4225  0.003000
  4226  0.003000
  4227  0.003000
  4228  0.003000
  4229  0.003000
  4230  0.003000
  4231  0.003000
  4232  0.003000
  4233  0.003000
  4234  0.003000
  4235  0.003000
  4236  0.003000
  4237  0.003000
  4238  0.003000
  4239  0.003000
  4240  0.003000
  4241  0.003000
  4242  0.003000
  4243  0.003000
  4244  0.003000
  4245  0.003000
  4246  0.003000
  4247  0.003000
  4248  0.003000
  4249  0.003000
  4250  0.003000
  4251  0.003000
  4252  0.003000
  4253  0.003000
  4254  0.003000
  4255  0.003000
  4256  0.003000
  4257  0.003000
  4258  0.003000
  4259  0.003000
  4260  0.003000
  4261  0.003000
  4262  0.003000
  4263  0.003000
  4264  0.003000
  4265  0.003000
  4266  0.003000
  4267  0.003000
  4268  0.003000
  4269  0.003000
  4270  0.003000
  4271  0.003000
  4272  0.003000
  4273  0.003000
  4274  0.003000
  4275  0.003000
  4276  0.003000
  4277  0.003000
  4278  0.003000
  4279  0.003000
  4280  0.003000
  4281  0.003000
  4282  0.003000
  4283  0.003000
  4284  0.003000
  4285  0.003000
  4286  0.003000
  4287  0.003000
  4288  0.003000
  4289  0.003000
  4290  0.003000
  4291  0.003000
  4292  0.003000
  4293  0.003000
  4294  0.003000
  4295  0.003000
  4296  0.003000
  4297  0.003000
  4298  0.003000
  4299  0.003000
  4300  0.003000
  4301  0.003000
  4302  0.003000
  4303  0.003000
  4304  0.003000
  4305  0.003000
  4306  0.003000
  4307  0.003000
  4308  0.003000
  4309  0.003000
  4310  0.003000
  4311  0.003000
  4312  0.003000
  4313  0.003000
  4314  0.003000
  4315  0.003000
  4316  0.003000
  4317  0.003000
  4318  0.003000
  4319  0.003000
  4320  0.003000
  4321  0.003000
  4322  0.003000
  4323  0.003000
  4324  0.003000
  4325  0.003000
  4326  0.003000
  4327  0.003000
  4328  0.003000
  4329  0.003000
  4330  0.003000
  4331  0.003000
  4332  0.003000
  4333  0.003000
  4334  0.003000
  4335  0.003000
  4336  0.003000
  4337  0.003000
  4338  0.003000
  4339  0.003000
  4340  0.003000
  4341  0.003000
  4342  0.003000
  4343  0.003000
  4344  0.003000
  4345  0.003000
  4346  0.003000
  4347  0.003000
  4348  0.003000
  4349  0.003000
  4350  0.003000
  4351  0.003000
  4352  0.003000
  4353  0.003000
  4354  0.003000
  4355  0.003000
  4356  0.003000
  4357  0.003000
  4358  0.003000
  4359  0.003000
  4360  0.003000
  4361  0.003000
  4362  0.003000
  4363  0.003000
  4364  0.003000
  4365  0.003000
  4366  0.003000
  4367  0.003000
  4368  0.003000
  4369  0.003000
  4370  0.003000
  4371  0.003000
  4372  0.003000
  4373  0.003000
  4374  0.003000
  4375  0.003000
  4376  0.003000
  4377  0.003000
  4378  0.003000
  4379  0.003000
  4380  0.003000
  4381  0.003000
  4382  0.003000
  4383  0.003000
  4384  0.003000
  4385  0.003000
  4386  0.003000
  4387  0.003000
  4388  0.003000
  4389  0.003000
  4390  0.003000
  4391  0.003000
  4392  0.003000
  4393  0.003000
  4394  0.003000
  4395  0.003000
  4396  0.003000
  4397  0.003000
  4398  0.003000
  4399  0.003000
  4400  0.003000
  4401  0.003000
  4402  0.003000
  4403  0.003000
  4404  0.003000
  4405  0.003000
  4406  0.003000
  4407  0.003000
  4408  0.003000
  4409  0.003000
  4410  0.003000
  4411  0.003000
  4412  0.003000
  4413  0.003000
  4414  0.003000
  4415  0.003000
  4416  0.003000
  4417  0.003000
  4418  0.003000
  4419  0.003000
  4420  0.003000
  4421  0.003000
  4422  0.003000
  4423  0.003000
  4424  0.003000
  4425  0.003000
  4426  0.003000
  4427  0.003000
  4428  0.003000
  4429  0.003000
  4430  0.003000
  4431  0.003000
  4432  0.003000
  4433  0.003000
  4434  0.003000
  4435  0.003000
  4436  0.003000
  4437  0.003000
  4438  0.003000
  4439  0.003000
  4440  0.003000
  4441  0.003000
  4442  0.003000
  4443  0.003000
  4444  0.003000
  4445  0.003000
  4446  0.003000
  4447  0.003000
  4448  0.003000
  4449  0.003000
  4450  0.003000
  4451  0.003000
  4452  0.003000
  4453  0.003000
  4454  0.003000
  4455  0.003000
  4456  0.003000
  4457  0.003000
  4458  0.003000
  4459  0.003000
  4460  0.003000
  4461  0.003000
  4462  0.003000
  4463  0.003000
  4464  0.003000
  4465  0.003000
  4466  0.003000
  4467  0.003000
  4468  0.003000
  4469  0.003000
  4470  0.003000
  4471  0.003000
  4472  0.003000
  4473  0.003000
  4474  0.003000
  4475  0.003000
  4476  0.003000
  4477  0.003000
  4478  0.003000
  4479  0.003000
  4480  0.003000
  4481  0.003000
  4482  0.003000
  4483  0.003000
  4484  0.003000
  4485  0.003000
  4486  0.003000
  4487  0.003000
  4488  0.003000
  4489  0.003000
  4490  0.003000
  4491  0.003000
  4492  0.003000
  4493  0.003000
  4494  0.003000
  4495  0.003000
  4496  0.003000
  4497  0.003000
  4498  0.003000
  4499  0.003000
  4500  0.003000
  4501  0.003000
  4502  0.003000
  4503  0.003000
  4504  0.003000
  4505  0.003000
  4506  0.003000
  4507  0.003000
  4508  0.003000
  4509  0.003000
  4510  0.003000
  4511  0.002000
  4512  0.002000
  4513  0.002000
  4514  0.003000
  4515  0.003000
  4516  0.003000
  4517  0.003000
  4518  0.003000
  4519  0.003000
  4520  0.003000
  4521  0.003000
  4522  0.003000
  4523  0.003000
  4524  0.003000
  4525  0.003000
  4526  0.003000
  4527  0.003000
  4528  0.003000
  4529  0.003000
  4530  0.003000
  4531  0.003000
  4532  0.003000
  4533  0.003000
  4534  0.003000
  4535  0.003000
  4536  0.003000
  4537  0.003000
  4538  0.003000
  4539  0.003000
  4540  0.003000
  4541  0.003000
  4542  0.003000
  4543  0.003000
  4544  0.003000
  4545  0.003000
  4546  0.003000
  4547  0.003000
  4548  0.003000
  4549  0.003000
  4550  0.003000
  4551  0.003000
  4552  0.003000
  4553  0.003000
  4554  0.003000
  4555  0.003000
  4556  0.003000
  4557  0.003000
  4558  0.003000
  4559  0.003000
  4560  0.002000
  4561  0.003000
  4562  0.003000
  4563  0.003000
  4564  0.003000
  4565  0.003000
  4566  0.002000
  4567  0.002000
  4568  0.002000
  4569  0.002000
  4570  0.003000
  4571  0.003000
  4572  0.003000
  4573  0.003000
  4574  0.003000
  4575  0.003000
  4576  0.002000
  4577  0.002000
  4578  0.002000
  4579  0.002000
  4580  0.003000
  4581  0.003000
  4582  0.003000
  4583  0.003000
  4584  0.003000
  4585  0.002000
  4586  0.002000
  4587  0.002000
  4588  0.002000
  4589  0.002000
  4590  0.002000
  4591  0.003000
  4592  0.003000
  4593  0.003000
  4594  0.003000
  4595  0.002000
  4596  0.002000
  4597  0.002000
  4598  0.003000
  4599  0.003000
  4600  0.003000
  4601  0.003000
  4602  0.003000
  4603  0.003000
  4604  0.002000
  4605  0.002000
  4606  0.002000
  4607  0.002000
  4608  0.002000
  4609  0.002000
  4610  0.003000
  4611  0.003000
  4612  0.002000
  4613  0.002000
  4614  0.002000
  4615  0.002000
  4616  0.002000
  4617  0.002000
  4618  0.002000
  4619  0.002000
  4620  0.002000
  4621  0.002000
  4622  0.002000
  4623  0.002000
  4624  0.002000
  4625  0.002000
  4626  0.002000
  4627  0.002000
  4628  0.002000
  4629  0.002000
  4630  0.002000
  4631  0.002000
  4632  0.002000
  4633  0.002000
  4634  0.002000
  4635  0.002000
  4636  0.002000
  4637  0.003000
  4638  0.003000
  4639  0.003000
  4640  0.003000
  4641  0.002000
  4642  0.002000
  4643  0.002000
  4644  0.002000
  4645  0.002000
  4646  0.002000
  4647  0.002000
  4648  0.002000
  4649  0.002000
  4650  0.002000
  4651  0.002000
  4652  0.002000
  4653  0.002000
  4654  0.002000
  4655  0.002000
  4656  0.002000
  4657  0.002000
  4658  0.002000
  4659  0.002000
  4660  0.002000
  4661  0.002000
  4662  0.002000
  4663  0.002000
  4664  0.002000
  4665  0.002000
  4666  0.002000
  4667  0.003000
  4668  0.003000
  4669  0.002000
  4670  0.002000
  4671  0.002000
  4672  0.002000
  4673  0.002000
  4674  0.002000
  4675  0.002000
  4676  0.003000
  4677  0.003000
  4678  0.002000
  4679  0.002000
  4680  0.002000
  4681  0.002000
  4682  0.002000
  4683  0.002000
  4684  0.002000
  4685  0.002000
  4686  0.002000
  4687  0.002000
  4688  0.002000
  4689  0.002000
  4690  0.002000
  4691  0.002000
  4692  0.002000
  4693  0.002000
  4694  0.002000
  4695  0.002000
  4696  0.002000
  4697  0.002000
  4698  0.002000
  4699  0.002000
  4700  0.002000
  4701  0.002000
  4702  0.002000
  4703  0.002000
  4704  0.002000
  4705  0.002000
  4706  0.002000
  4707  0.002000
  4708  0.002000
  4709  0.002000
  4710  0.002000
  4711  0.002000
  4712  0.002000
  4713  0.002000
  4714  0.002000
  4715  0.002000
  4716  0.002000
  4717  0.002000
  4718  0.002000
  4719  0.002000
  4720  0.002000
  4721  0.002000
  4722  0.002000
  4723  0.002000
  4724  0.002000
  4725  0.002000
  4726  0.002000
  4727  0.002000
  4728  0.002000
  4729  0.002000
  4730  0.002000
  4731  0.002000
  4732  0.002000
  4733  0.002000
  4734  0.002000
  4735  0.002000
  4736  0.002000
  4737  0.002000
  4738  0.002000
  4739  0.002000
  4740  0.002000
  4741  0.002000
  4742  0.002000
  4743  0.002000
  4744  0.002000
  4745  0.002000
  4746  0.002000
  4747  0.002000
  4748  0.002000
  4749  0.002000
  4750  0.002000
  4751  0.002000
  4752  0.002000
  4753  0.002000
  4754  0.002000
  4755  0.002000
  4756  0.002000
  4757  0.002000
  4758  0.002000
  4759  0.002000
  4760  0.002000
  4761  0.002000
  4762  0.002000
  4763  0.002000
  4764  0.002000
  4765  0.002000
  4766  0.002000
  4767  0.002000
  4768  0.002000
  4769  0.002000
  4770  0.002000
  4771  0.002000
  4772  0.002000
  4773  0.002000
  4774  0.002000
  4775  0.002000
  4776  0.002000
  4777  0.002000
  4778  0.002000
  4779  0.002000
  4780  0.002000
  4781  0.002000
  4782  0.002000
  4783  0.002000
  4784  0.002000
  4785  0.002000
  4786  0.002000
  4787  0.002000
  4788  0.002000
  4789  0.002000
  4790  0.002000
  4791  0.002000
  4792  0.002000
  4793  0.002000
  4794  0.002000
  4795  0.002000
  4796  0.002000
  4797  0.002000
  4798  0.002000
  4799  0.002000
  4800  0.002000
  4801  0.002000
  4802  0.002000
  4803  0.002000
  4804  0.002000
  4805  0.002000
  4806  0.002000
  4807  0.002000
  4808  0.002000
  4809  0.002000
  4810  0.002000
  4811  0.002000
  4812  0.002000
  4813  0.002000
  4814  0.002000
  4815  0.002000
  4816  0.002000
  4817  0.002000
  4818  0.002000
  4819  0.002000
  4820  0.002000
  4821  0.002000
  4822  0.002000
  4823  0.002000
  4824  0.002000
  4825  0.002000
  4826  0.002000
  4827  0.002000
  4828  0.002000
  4829  0.002000
  4830  0.002000
  4831  0.002000
  4832  0.002000
  4833  0.002000
  4834  0.002000
  4835  0.002000
  4836  0.002000
  4837  0.002000
  4838  0.002000
  4839  0.002000
  4840  0.002000
  4841  0.002000
  4842  0.002000
  4843  0.002000
  4844  0.002000
  4845  0.002000
  4846  0.002000
  4847  0.002000
  4848  0.002000
  4849  0.002000
  4850  0.002000
  4851  0.002000
  4852  0.002000
  4853  0.002000
  4854  0.002000
  4855  0.002000
  4856  0.002000
  4857  0.002000
  4858  0.002000
  4859  0.002000
  4860  0.002000
  4861  0.002000
  4862  0.002000
  4863  0.002000
  4864  0.002000
  4865  0.002000
  4866  0.002000
  4867  0.002000
  4868  0.002000
  4869  0.002000
  4870  0.002000
  4871  0.002000
  4872  0.002000
  4873  0.002000
  4874  0.002000
  4875  0.002000
  4876  0.002000
  4877  0.002000
  4878  0.002000
  4879  0.002000
  4880  0.002000
  4881  0.002000
  4882  0.002000
  4883  0.002000
  4884  0.002000
  4885  0.002000
  4886  0.002000
  4887  0.002000
  4888  0.002000
  4889  0.002000
  4890  0.002000
  4891  0.002000
  4892  0.002000
  4893  0.002000
  4894  0.002000
  4895  0.002000
  4896  0.002000
  4897  0.002000
  4898  0.002000
  4899  0.002000
  4900  0.002000
  4901  0.002000
  4902  0.002000
  4903  0.002000
  4904  0.002000
  4905  0.002000
  4906  0.002000
  4907  0.002000
  4908  0.002000
  4909  0.002000
  4910  0.002000
  4911  0.002000
  4912  0.002000
  4913  0.002000
  4914  0.002000
  4915  0.002000
  4916  0.002000
  4917  0.002000
  4918  0.002000
  4919  0.002000
  4920  0.002000
  4921  0.002000
  4922  0.002000
  4923  0.002000
  4924  0.002000
  4925  0.002000
  4926  0.002000
  4927  0.002000
  4928  0.002000
  4929  0.002000
  4930  0.002000
  4931  0.002000
  4932  0.002000
  4933  0.002000
  4934  0.002000
  4935  0.002000
  4936  0.002000
  4937  0.002000
  4938  0.002000
  4939  0.002000
  4940  0.002000
  4941  0.002000
  4942  0.002000
  4943  0.002000
  4944  0.002000
  4945  0.002000
  4946  0.002000
  4947  0.002000
  4948  0.002000
  4949  0.002000
  4950  0.002000
  4951  0.002000
  4952  0.002000
  4953  0.002000
  4954  0.002000
  4955  0.002000
  4956  0.002000
  4957  0.002000
  4958  0.002000
  4959  0.002000
  4960  0.002000
  4961  0.002000
  4962  0.002000
  4963  0.002000
  4964  0.002000
  4965  0.002000
  4966  0.002000
  4967  0.002000
  4968  0.002000
  4969  0.002000
  4970  0.002000
  4971  0.002000
  4972  0.002000
  4973  0.002000
  4974  0.002000
  4975  0.002000
  4976  0.002000
  4977  0.002000
  4978  0.002000
  4979  0.002000
  4980  0.002000
  4981  0.002000
  4982  0.002000
  4983  0.002000
  4984  0.002000
  4985  0.002000
  4986  0.002000
  4987  0.002000
  4988  0.002000
  4989  0.002000
  4990  0.002000
  4991  0.002000
  4992  0.002000
  4993  0.002000
  4994  0.002000
  4995  0.002000
  4996  0.002000
  4997  0.002000
  4998  0.002000
  4999  0.002000
  5000  0.002000
  5001  0.002000
  5002  0.002000
  5003  0.002000
  5004  0.002000
  5005  0.002000
  5006  0.002000
  5007  0.002000
  5008  0.002000
  5009  0.002000
  5010  0.002000
  5011  0.002000
  5012  0.002000
  5013  0.002000
  5014  0.002000
  5015  0.002000
  5016  0.002000
  5017  0.002000
  5018  0.002000
  5019  0.002000
  5020  0.002000
  5021  0.002000
  5022  0.002000
  5023  0.002000
  5024  0.002000
  5025  0.002000
  5026  0.002000
  5027  0.002000
  5028  0.002000
  5029  0.002000
  5030  0.002000
  5031  0.002000
  5032  0.002000
  5033  0.002000
  5034  0.002000
  5035  0.002000
  5036  0.002000
  5037  0.002000
  5038  0.002000
  5039  0.002000
  5040  0.002000
  5041  0.002000
  5042  0.002000
  5043  0.002000
  5044  0.002000
  5045  0.002000
  5046  0.002000
  5047  0.002000
  5048  0.002000
  5049  0.002000
  5050  0.002000
  5051  0.002000
  5052  0.002000
  5053  0.002000
  5054  0.002000
  5055  0.002000
  5056  0.002000
  5057  0.002000
  5058  0.002000
  5059  0.002000
  5060  0.002000
  5061  0.002000
  5062  0.002000
  5063  0.002000
  5064  0.002000
  5065  0.002000
  5066  0.002000
  5067  0.002000
  5068  0.002000
  5069  0.002000
  5070  0.002000
  5071  0.002000
  5072  0.002000
  5073  0.002000
  5074  0.002000
  5075  0.002000
  5076  0.002000
  5077  0.002000
  5078  0.002000
  5079  0.002000
  5080  0.002000
  5081  0.002000
  5082  0.002000
  5083  0.002000
  5084  0.002000
  5085  0.002000
  5086  0.002000
  5087  0.002000
  5088  0.002000
  5089  0.002000
  5090  0.002000
  5091  0.002000
  5092  0.002000
  5093  0.002000
  5094  0.002000
  5095  0.002000
  5096  0.002000
  5097  0.002000
  5098  0.002000
  5099  0.002000
  5100  0.002000
  5101  0.002000
  5102  0.002000
  5103  0.002000
  5104  0.002000
  5105  0.002000
  5106  0.002000
  5107  0.002000
  5108  0.002000
  5109  0.002000
  5110  0.002000
  5111  0.002000
  5112  0.002000
  5113  0.002000
  5114  0.002000
  5115  0.002000
  5116  0.002000
  5117  0.002000
  5118  0.002000
  5119  0.002000
  5120  0.002000
  5121  0.002000
  5122  0.002000
  5123  0.002000
  5124  0.002000
  5125  0.002000
  5126  0.002000
  5127  0.002000
  5128  0.002000
  5129  0.002000
  5130  0.002000
  5131  0.002000
  5132  0.002000
  5133  0.002000
  5134  0.002000
  5135  0.002000
  5136  0.002000
  5137  0.002000
  5138  0.002000
  5139  0.002000
  5140  0.002000
  5141  0.002000
  5142  0.002000
  5143  0.002000
  5144  0.002000
  5145  0.002000
  5146  0.002000
  5147  0.002000
  5148  0.002000
  5149  0.002000
  5150  0.002000
  5151  0.002000
  5152  0.002000
  5153  0.002000
  5154  0.002000
  5155  0.002000
  5156  0.002000
  5157  0.002000
  5158  0.002000
  5159  0.002000
  5160  0.002000
  5161  0.002000
  5162  0.002000
  5163  0.002000
  5164  0.002000
  5165  0.002000
  5166  0.002000
  5167  0.002000
  5168  0.002000
  5169  0.002000
  5170  0.002000
  5171  0.002000
  5172  0.002000
  5173  0.002000
  5174  0.002000
  5175  0.002000
  5176  0.002000
  5177  0.002000
  5178  0.002000
  5179  0.002000
  5180  0.002000
  5181  0.002000
  5182  0.002000
  5183  0.002000
  5184  0.002000
  5185  0.002000
  5186  0.002000
  5187  0.002000
  5188  0.002000
  5189  0.002000
  5190  0.002000
  5191  0.002000
  5192  0.002000
  5193  0.002000
  5194  0.002000
  5195  0.002000
  5196  0.002000
  5197  0.002000
  5198  0.002000
  5199  0.002000
  5200  0.002000
  5201  0.002000
  5202  0.002000
  5203  0.002000
  5204  0.002000
  5205  0.002000
  5206  0.002000
  5207  0.002000
  5208  0.002000
  5209  0.002000
  5210  0.002000
  5211  0.002000
  5212  0.002000
  5213  0.002000
  5214  0.002000
  5215  0.002000
  5216  0.002000
  5217  0.002000
  5218  0.002000
  5219  0.002000
  5220  0.002000
  5221  0.002000
  5222  0.002000
  5223  0.002000
  5224  0.002000
  5225  0.002000
  5226  0.002000
  5227  0.002000
  5228  0.002000
  5229  0.002000
  5230  0.002000
  5231  0.002000
  5232  0.002000
  5233  0.002000
  5234  0.002000
  5235  0.002000
  5236  0.002000
  5237  0.002000
  5238  0.002000
  5239  0.002000
  5240  0.002000
  5241  0.002000
  5242  0.002000
  5243  0.002000
  5244  0.002000
  5245  0.002000
  5246  0.002000
  5247  0.002000
  5248  0.002000
  5249  0.002000
  5250  0.002000
  5251  0.002000
  5252  0.002000
  5253  0.002000
  5254  0.002000
  5255  0.002000
  5256  0.002000
  5257  0.002000
  5258  0.002000
  5259  0.002000
  5260  0.002000
  5261  0.002000
  5262  0.002000
  5263  0.002000
  5264  0.002000
  5265  0.002000
  5266  0.002000
  5267  0.002000
  5268  0.002000
  5269  0.002000
  5270  0.002000
  5271  0.002000
  5272  0.002000
  5273  0.002000
  5274  0.002000
  5275  0.002000
  5276  0.002000
  5277  0.002000
  5278  0.002000
  5279  0.002000
  5280  0.002000
  5281  0.002000
  5282  0.002000
  5283  0.002000
  5284  0.002000
  5285  0.002000
  5286  0.002000
  5287  0.002000
  5288  0.002000
  5289  0.002000
  5290  0.002000
  5291  0.002000
  5292  0.002000
  5293  0.002000
  5294  0.002000
  5295  0.002000
  5296  0.002000
  5297  0.002000
  5298  0.002000
  5299  0.002000
  5300  0.002000
  5301  0.002000
  5302  0.002000
  5303  0.002000
  5304  0.002000
  5305  0.002000
  5306  0.002000
  5307  0.002000
  5308  0.002000
  5309  0.002000
  5310  0.002000
  5311  0.002000
  5312  0.002000
  5313  0.002000
  5314  0.002000
  5315  0.002000
  5316  0.002000
  5317  0.002000
  5318  0.002000
  5319  0.002000
  5320  0.002000
  5321  0.002000
  5322  0.002000
  5323  0.002000
  5324  0.002000
  5325  0.002000
  5326  0.002000
  5327  0.002000
  5328  0.002000
  5329  0.002000
  5330  0.002000
  5331  0.002000
  5332  0.002000
  5333  0.002000
  5334  0.002000
  5335  0.002000
  5336  0.002000
  5337  0.002000
  5338  0.002000
  5339  0.002000
  5340  0.002000
  5341  0.002000
  5342  0.002000
  5343  0.002000
  5344  0.002000
  5345  0.002000
  5346  0.002000
  5347  0.002000
  5348  0.002000
  5349  0.002000
  5350  0.002000
  5351  0.002000
  5352  0.002000
  5353  0.002000
  5354  0.002000
  5355  0.002000
  5356  0.002000
  5357  0.002000
  5358  0.002000
  5359  0.001000
  5360  0.001000
  5361  0.001000
  5362  0.002000
  5363  0.002000
  5364  0.002000
  5365  0.002000
  5366  0.002000
  5367  0.001000
  5368  0.001000
  5369  0.001000
  5370  0.001000
  5371  0.002000
  5372  0.002000
  5373  0.002000
  5374  0.002000
  5375  0.002000
  5376  0.002000
  5377  0.001000
  5378  0.001000
  5379  0.001000
  5380  0.001000
  5381  0.002000
  5382  0.002000
  5383  0.002000
  5384  0.002000
  5385  0.002000
  5386  0.001000
  5387  0.001000
  5388  0.001000
  5389  0.001000
  5390  0.002000
  5391  0.002000
  5392  0.002000
  5393  0.002000
  5394  0.002000
  5395  0.002000
  5396  0.002000
  5397  0.002000
  5398  0.001000
  5399  0.001000
  5400  0.002000
  5401  0.002000
  5402  0.002000
  5403  0.002000
  5404  0.002000
  5405  0.001000
  5406  0.001000
  5407  0.001000
  5408  0.001000
  5409  0.001000
  5410  0.002000
  5411  0.002000
  5412  0.002000
  5413  0.002000
  5414  0.002000
  5415  0.001000
  5416  0.001000
  5417  0.001000
  5418  0.002000
  5419  0.002000
  5420  0.002000
  5421  0.002000
  5422  0.002000
  5423  0.001000
  5424  0.001000
  5425  0.001000
  5426  0.001000
  5427  0.001000
  5428  0.001000
  5429  0.002000
  5430  0.002000
  5431  0.002000
  5432  0.002000
  5433  0.002000
  5434  0.001000
  5435  0.001000
  5436  0.001000
  5437  0.001000
  5438  0.002000
  5439  0.002000
  5440  0.002000
  5441  0.002000
  5442  0.002000
  5443  0.001000
  5444  0.001000
  5445  0.001000
  5446  0.001000
  5447  0.001000
  5448  0.002000
  5449  0.002000
  5450  0.002000
  5451  0.001000
  5452  0.001000
  5453  0.001000
  5454  0.001000
  5455  0.001000
  5456  0.001000
  5457  0.001000
  5458  0.002000
  5459  0.002000
  5460  0.002000
  5461  0.001000
  5462  0.001000
  5463  0.001000
  5464  0.001000
  5465  0.001000
  5466  0.001000
  5467  0.002000
  5468  0.002000
  5469  0.002000
  5470  0.001000
  5471  0.001000
  5472  0.001000
  5473  0.001000
  5474  0.001000
  5475  0.001000
  5476  0.001000
  5477  0.001000
  5478  0.001000
  5479  0.001000
  5480  0.001000
  5481  0.001000
  5482  0.001000
  5483  0.001000
  5484  0.001000
  5485  0.001000
  5486  0.001000
  5487  0.001000
  5488  0.001000
  5489  0.001000
  5490  0.001000
  5491  0.001000
  5492  0.001000
  5493  0.001000
  5494  0.001000
  5495  0.001000
  5496  0.001000
  5497  0.001000
  5498  0.001000
  5499  0.001000
  5500  0.001000
  5501  0.001000
  5502  0.001000
  5503  0.001000
  5504  0.001000
  5505  0.001000
  5506  0.001000
  5507  0.001000
  5508  0.001000
  5509  0.001000
  5510  0.001000
  5511  0.001000
  5512  0.001000
  5513  0.001000
  5514  0.001000
  5515  0.001000
  5516  0.001000
  5517  0.001000
  5518  0.001000
  5519  0.001000
  5520  0.001000
  5521  0.001000
  5522  0.001000
  5523  0.001000
  5524  0.001000
  5525  0.001000
  5526  0.001000
  5527  0.001000
  5528  0.001000
  5529  0.001000
  5530  0.001000
  5531  0.001000
  5532  0.001000
  5533  0.001000
  5534  0.001000
  5535  0.001000
  5536  0.001000
  5537  0.001000
  5538  0.001000
  5539  0.001000
  5540  0.001000
  5541  0.001000
  5542  0.001000
  5543  0.001000
  5544  0.001000
  5545  0.001000
  5546  0.001000
  5547  0.001000
  5548  0.001000
  5549  0.001000
  5550  0.001000
  5551  0.001000
  5552  0.001000
  5553  0.001000
  5554  0.001000
  5555  0.001000
  5556  0.001000
  5557  0.001000
  5558  0.001000
  5559  0.001000
  5560  0.001000
  5561  0.001000
  5562  0.001000
  5563  0.001000
  5564  0.001000
  5565  0.001000
  5566  0.001000
  5567  0.001000
  5568  0.001000
  5569  0.001000
  5570  0.001000
  5571  0.001000
  5572  0.001000
  5573  0.001000
  5574  0.001000
  5575  0.001000
  5576  0.001000
  5577  0.001000
  5578  0.001000
  5579  0.001000
  5580  0.001000
  5581  0.001000
  5582  0.001000
  5583  0.001000
  5584  0.001000
  5585  0.001000
  5586  0.001000
  5587  0.001000
  5588  0.001000
  5589  0.001000
  5590  0.001000
  5591  0.001000
  5592  0.001000
  5593  0.001000
  5594  0.001000
  5595  0.001000
  5596  0.001000
  5597  0.001000
  5598  0.001000
  5599  0.001000
  5600  0.001000
  5601  0.001000
  5602  0.001000
  5603  0.001000
  5604  0.001000
  5605  0.001000
  5606  0.001000
  5607  0.001000
  5608  0.001000
  5609  0.001000
  5610  0.001000
  5611  0.001000
  5612  0.001000
  5613  0.001000
  5614  0.001000
  5615  0.001000
  5616  0.001000
  5617  0.001000
  5618  0.001000
  5619  0.001000
  5620  0.001000
  5621  0.001000
  5622  0.001000
  5623  0.001000
  5624  0.001000
  5625  0.001000
  5626  0.001000
  5627  0.001000
  5628  0.001000
  5629  0.001000
  5630  0.001000
  5631  0.001000
  5632  0.001000
  5633  0.001000
  5634  0.001000
  5635  0.001000
  5636  0.001000
  5637  0.001000
  5638  0.001000
  5639  0.001000
  5640  0.001000
  5641  0.001000
  5642  0.001000
  5643  0.001000
  5644  0.001000
  5645  0.001000
  5646  0.001000
  5647  0.001000
  5648  0.001000
  5649  0.001000
  5650  0.001000
  5651  0.001000
  5652  0.001000
  5653  0.001000
  5654  0.001000
  5655  0.001000
  5656  0.001000
  5657  0.001000
  5658  0.001000
  5659  0.001000
  5660  0.001000
  5661  0.001000
  5662  0.001000
  5663  0.001000
  5664  0.001000
  5665  0.001000
  5666  0.001000
  5667  0.001000
  5668  0.001000
  5669  0.001000
  5670  0.001000
  5671  0.001000
  5672  0.001000
  5673  0.001000
  5674  0.001000
  5675  0.001000
  5676  0.001000
  5677  0.001000
  5678  0.001000
  5679  0.001000
  5680  0.001000
  5681  0.001000
  5682  0.001000
  5683  0.001000
  5684  0.001000
  5685  0.001000
  5686  0.001000
  5687  0.001000
  5688  0.001000
  5689  0.001000
  5690  0.001000
  5691  0.001000
  5692  0.001000
  5693  0.001000
  5694  0.001000
  5695  0.001000
  5696  0.001000
  5697  0.001000
  5698  0.001000
  5699  0.001000
  5700  0.001000
  5701  0.001000
  5702  0.001000
  5703  0.001000
  5704  0.001000
  5705  0.001000
  5706  0.001000
  5707  0.001000
  5708  0.001000
  5709  0.001000
  5710  0.001000
  5711  0.001000
  5712  0.001000
  5713  0.001000
  5714  0.001000
  5715  0.001000
  5716  0.001000
  5717  0.001000
  5718  0.001000
  5719  0.001000
  5720  0.001000
  5721  0.001000
  5722  0.001000
  5723  0.001000
  5724  0.001000
  5725  0.001000
  5726  0.001000
  5727  0.001000
  5728  0.001000
  5729  0.001000
  5730  0.001000
  5731  0.001000
  5732  0.001000
  5733  0.001000
  5734  0.001000
  5735  0.001000
  5736  0.001000
  5737  0.001000
  5738  0.001000
  5739  0.001000
  5740  0.001000
  5741  0.001000
  5742  0.001000
  5743  0.001000
  5744  0.001000
  5745  0.001000
  5746  0.001000
  5747  0.001000
  5748  0.001000
  5749  0.001000
  5750  0.001000
  5751  0.001000
  5752  0.001000
  5753  0.001000
  5754  0.001000
  5755  0.001000
  5756  0.001000
  5757  0.001000
  5758  0.001000
  5759  0.001000
  5760  0.001000
  5761  0.001000
  5762  0.001000
  5763  0.001000
  5764  0.001000
  5765  0.001000
  5766  0.001000
  5767  0.001000
  5768  0.001000
  5769  0.001000
  5770  0.001000
  5771  0.001000
  5772  0.001000
  5773  0.001000
  5774  0.001000
  5775  0.001000
  5776  0.001000
  5777  0.001000
  5778  0.001000
  5779  0.001000
  5780  0.001000
  5781  0.001000
  5782  0.001000
  5783  0.001000
  5784  0.001000
  5785  0.001000
  5786  0.001000
  5787  0.001000
  5788  0.001000
  5789  0.001000
  5790  0.001000
  5791  0.001000
  5792  0.001000
  5793  0.001000
  5794  0.001000
  5795  0.001000
  5796  0.001000
  5797  0.001000
  5798  0.001000
  5799  0.001000
  5800  0.001000
  5801  0.001000
  5802  0.001000
  5803  0.001000
  5804  0.001000
  5805  0.001000
  5806  0.001000
  5807  0.001000
  5808  0.001000
  5809  0.001000
  5810  0.001000
  5811  0.001000
  5812  0.001000
  5813  0.001000
  5814  0.001000
  5815  0.001000
  5816  0.001000
  5817  0.001000
  5818  0.001000
  5819  0.001000
  5820  0.001000
  5821  0.001000
  5822  0.001000
  5823  0.001000
  5824  0.001000
  5825  0.001000
  5826  0.001000
  5827  0.001000
  5828  0.001000
  5829  0.001000
  5830  0.001000
  5831  0.001000
  5832  0.001000
  5833  0.001000
  5834  0.001000
  5835  0.001000
  5836  0.001000
  5837  0.001000
  5838  0.001000
  5839  0.001000
  5840  0.001000
  5841  0.001000
  5842  0.001000
  5843  0.001000
  5844  0.001000
  5845  0.001000
  5846  0.001000
  5847  0.001000
  5848  0.001000
  5849  0.001000
  5850  0.001000
  5851  0.001000
  5852  0.001000
  5853  0.001000
  5854  0.001000
  5855  0.001000
  5856  0.001000
  5857  0.001000
  5858  0.001000
  5859  0.001000
  5860  0.001000
  5861  0.001000
  5862  0.001000
  5863  0.001000
  5864  0.001000
  5865  0.001000
  5866  0.001000
  5867  0.001000
  5868  0.001000
  5869  0.001000
  5870  0.001000
  5871  0.001000
  5872  0.001000
  5873  0.001000
  5874  0.001000
  5875  0.001000
  5876  0.001000
  5877  0.001000
  5878  0.001000
  5879  0.001000
  5880  0.001000
  5881  0.001000
  5882  0.001000
  5883  0.001000
  5884  0.001000
  5885  0.001000
  5886  0.001000
  5887  0.001000
  5888  0.001000
  5889  0.001000
  5890  0.001000
  5891  0.001000
  5892  0.001000
  5893  0.001000
  5894  0.001000
  5895  0.001000
  5896  0.001000
  5897  0.001000
  5898  0.001000
  5899  0.001000
  5900  0.001000
  5901  0.001000
  5902  0.001000
  5903  0.001000
  5904  0.001000
  5905  0.001000
  5906  0.001000
  5907  0.001000
  5908  0.001000
  5909  0.001000
  5910  0.001000
  5911  0.001000
  5912  0.001000
  5913  0.001000
  5914  0.001000
  5915  0.001000
  5916  0.001000
  5917  0.001000
  5918  0.001000
  5919  0.001000
  5920  0.001000
  5921  0.001000
  5922  0.001000
  5923  0.001000
  5924  0.001000
  5925  0.001000
  5926  0.001000
  5927  0.001000
  5928  0.001000
  5929  0.001000
  5930  0.001000
  5931  0.001000
  5932  0.001000
  5933  0.001000
  5934  0.001000
  5935  0.001000
  5936  0.001000
  5937  0.001000
  5938  0.001000
  5939  0.001000
  5940  0.001000
  5941  0.001000
  5942  0.001000
  5943  0.001000
  5944  0.001000
  5945  0.001000
  5946  0.001000
  5947  0.001000
  5948  0.001000
  5949  0.001000
  5950  0.001000
  5951  0.001000
  5952  0.001000
  5953  0.001000
  5954  0.001000
  5955  0.001000
  5956  0.001000
  5957  0.001000
  5958  0.001000
  5959  0.001000
  5960  0.001000
  5961  0.001000
  5962  0.001000
  5963  0.001000
  5964  0.001000
  5965  0.001000
  5966  0.001000
  5967  0.001000
  5968  0.001000
  5969  0.001000
  5970  0.001000
  5971  0.001000
  5972  0.001000
  5973  0.001000
  5974  0.001000
  5975  0.001000
  5976  0.001000
  5977  0.001000
  5978  0.001000
  5979  0.001000
  5980  0.001000
  5981  0.001000
  5982  0.001000
  5983  0.001000
  5984  0.001000
  5985  0.001000
  5986  0.001000
  5987  0.001000
  5988  0.001000
  5989  0.001000
  5990  0.001000
  5991  0.001000
  5992  0.001000
  5993  0.001000
  5994  0.001000
  5995  0.001000
  5996  0.001000
  5997  0.001000
  5998  0.001000
  5999  0.001000
  6000  0.001000
  6001  0.001000
  6002  0.001000
  6003  0.001000
  6004  0.001000
  6005  0.001000
  6006  0.001000
  6007  0.001000
  6008  0.001000
  6009  0.001000
  6010  0.001000
  6011  0.001000
  6012  0.001000
  6013  0.001000
  6014  0.001000
  6015  0.001000
  6016  0.001000
  6017  0.001000
  6018  0.001000
  6019  0.001000
  6020  0.001000
  6021  0.001000
  6022  0.001000
  6023  0.001000
  6024  0.001000
  6025  0.001000
  6026  0.001000
  6027  0.001000
  6028  0.001000
  6029  0.001000
  6030  0.001000
  6031  0.001000
  6032  0.001000
  6033  0.001000
  6034  0.001000
  6035  0.001000
  6036  0.001000
  6037  0.001000
  6038  0.001000
  6039  0.001000
  6040  0.001000
  6041  0.001000
  6042  0.001000
  6043  0.001000
  6044  0.001000
  6045  0.001000
  6046  0.001000
  6047  0.001000
  6048  0.001000
  6049  0.001000
  6050  0.001000
  6051  0.001000
  6052  0.001000
  6053  0.001000
  6054  0.001000
  6055  0.001000
  6056  0.001000
  6057  0.001000
  6058  0.001000
  6059  0.001000
  6060  0.001000
  6061  0.001000
  6062  0.001000
  6063  0.001000
  6064  0.001000
  6065  0.001000
  6066  0.001000
  6067  0.001000
  6068  0.001000
  6069  0.001000
  6070  0.001000
  6071  0.001000
  6072  0.001000
  6073  0.001000
  6074  0.001000
  6075  0.001000
  6076  0.001000
  6077  0.001000
  6078  0.001000
  6079  0.001000
  6080  0.001000
  6081  0.001000
  6082  0.001000
  6083  0.001000
  6084  0.001000
  6085  0.001000
  6086  0.001000
  6087  0.001000
  6088  0.001000
  6089  0.001000
  6090  0.001000
  6091  0.001000
  6092  0.001000
  6093  0.001000
  6094  0.001000
  6095  0.001000
  6096  0.001000
  6097  0.001000
  6098  0.001000
  6099  0.001000
  6100  0.001000
  6101  0.001000
  6102  0.001000
  6103  0.001000
  6104  0.001000
  6105  0.001000
  6106  0.001000
  6107  0.001000
  6108  0.001000
  6109  0.001000
  6110  0.001000
  6111  0.001000
  6112  0.001000
  6113  0.001000
  6114  0.001000
  6115  0.001000
  6116  0.001000
  6117  0.001000
  6118  0.001000
  6119  0.001000
  6120  0.001000
  6121  0.001000
  6122  0.001000
  6123  0.001000
  6124  0.001000
  6125  0.001000
  6126  0.001000
  6127  0.001000
  6128  0.001000
  6129  0.001000
  6130  0.001000
  6131  0.001000
  6132  0.001000
  6133  0.001000
  6134  0.001000
  6135  0.001000
  6136  0.001000
  6137  0.001000
  6138  0.001000
  6139  0.001000
  6140  0.001000
  6141  0.001000
  6142  0.001000
  6143  0.001000
  6144  0.001000
  6145  0.001000
  6146  0.001000
  6147  0.001000
  6148  0.001000
  6149  0.001000
  6150  0.001000
  6151  0.001000
  6152  0.001000
  6153  0.001000
  6154  0.001000
  6155  0.001000
  6156  0.001000
  6157  0.001000
  6158  0.001000
  6159  0.001000
  6160  0.001000
  6161  0.001000
  6162  0.001000
  6163  0.001000
  6164  0.001000
  6165  0.001000
  6166  0.001000
  6167  0.001000
  6168  0.001000
  6169  0.001000
  6170  0.001000
  6171  0.001000
  6172  0.001000
  6173  0.001000
  6174  0.001000
  6175  0.001000
  6176  0.001000
  6177  0.001000
  6178  0.001000
  6179  0.001000
  6180  0.001000
  6181  0.001000
  6182  0.001000
  6183  0.001000
  6184  0.001000
  6185  0.001000
  6186  0.001000
  6187  0.001000
  6188  0.001000
  6189  0.001000
  6190  0.001000
  6191  0.001000
  6192  0.001000
  6193  0.001000
  6194  0.001000
  6195  0.001000
  6196  0.001000
  6197  0.001000
  6198  0.001000
  6199  0.001000
  6200  0.001000
  6201  0.001000
  6202  0.001000
  6203  0.001000
  6204  0.001000
  6205  0.001000
  6206  0.001000
  6207  0.001000
  6208  0.001000
  6209  0.001000
  6210  0.001000
  6211  0.001000
  6212  0.001000
  6213  0.001000
  6214  0.001000
  6215  0.001000
  6216  0.001000
  6217  0.001000
  6218  0.001000
  6219  0.001000
  6220  0.001000
  6221  0.001000
  6222  0.001000
  6223  0.001000
  6224  0.001000
  6225  0.001000
  6226  0.001000
  6227  0.001000
  6228  0.001000
  6229  0.001000
  6230  0.001000
  6231  0.001000
  6232  0.001000
  6233  0.001000
  6234  0.001000
  6235  0.001000
  6236  0.001000
  6237  0.001000
  6238  0.001000
  6239  0.001000
  6240  0.001000
  6241  0.001000
  6242  0.001000
  6243  0.001000
  6244  0.001000
  6245  0.001000
  6246  0.001000
  6247  0.001000
  6248  0.001000
  6249  0.001000
  6250  0.001000
  6251  0.001000
  6252  0.001000
  6253  0.001000
  6254  0.001000
  6255  0.001000
  6256  0.001000
  6257  0.001000
  6258  0.001000
  6259  0.001000
  6260  0.001000
  6261  0.001000
  6262  0.001000
  6263  0.001000
  6264  0.001000
  6265  0.001000
  6266  0.001000
  6267  0.001000
  6268  0.001000
  6269  0.001000
  6270  0.001000
  6271  0.001000
  6272  0.001000
  6273  0.001000
  6274  0.001000
  6275  0.001000
  6276  0.001000
  6277  0.001000
  6278  0.001000
  6279  0.001000
  6280  0.001000
  6281  0.001000
  6282  0.001000
  6283  0.001000
  6284  0.001000
  6285  0.001000
  6286  0.001000
  6287  0.001000
  6288  0.001000
  6289  0.001000
  6290  0.001000
  6291  0.001000
  6292  0.001000
  6293  0.001000
  6294  0.001000
  6295  0.001000
  6296  0.001000
  6297  0.001000
  6298  0.001000
  6299  0.001000
  6300  0.001000
  6301  0.001000
  6302  0.001000
  6303  0.001000
  6304  0.001000
  6305  0.001000
  6306  0.001000
  6307  0.001000
  6308  0.001000
  6309  0.001000
  6310  0.001000
  6311  0.001000
  6312  0.001000
  6313  0.001000
  6314  0.001000
  6315  0.001000
  6316  0.001000
  6317  0.001000
  6318  0.001000
  6319  0.001000
  6320  0.001000
  6321  0.001000
  6322  0.001000
  6323  0.001000
  6324  0.001000
  6325  0.001000
  6326  0.001000
  6327  0.001000
  6328  0.001000
  6329  0.001000
  6330  0.001000
  6331  0.001000
  6332  0.001000
  6333  0.001000
  6334  0.001000
  6335  0.001000
  6336  0.001000
  6337  0.001000
  6338  0.001000
  6339  0.001000
  6340  0.001000
  6341  0.001000
  6342  0.001000
  6343  0.001000
  6344  0.001000
  6345  0.001000
  6346  0.001000
  6347  0.001000
  6348  0.001000
  6349  0.001000
  6350  0.001000
  6351  0.001000
  6352  0.001000
  6353  0.001000
  6354  0.001000
  6355  0.001000
  6356  0.001000
  6357  0.001000
  6358  0.001000
  6359  0.001000
  6360  0.001000
  6361  0.001000
  6362  0.001000
  6363  0.001000
  6364  0.001000
  6365  0.001000
  6366  0.001000
  6367  0.001000
  6368  0.001000
  6369  0.001000
  6370  0.001000
  6371  0.001000
  6372  0.001000
  6373  0.001000
  6374  0.001000
  6375  0.001000
  6376  0.001000
  6377  0.001000
  6378  0.001000
  6379  0.001000
  6380  0.001000
  6381  0.001000
  6382  0.001000
  6383  0.001000
  6384  0.001000
  6385  0.001000
  6386  0.001000
  6387  0.001000
  6388  0.001000
  6389  0.001000
  6390  0.001000
  6391  0.001000
  6392  0.001000
  6393  0.001000
  6394  0.001000
  6395  0.001000
  6396  0.001000
  6397  0.001000
  6398  0.001000
  6399  0.001000
  6400  0.001000
  6401  0.001000
  6402  0.001000
  6403  0.001000
  6404  0.001000
  6405  0.001000
  6406  0.001000
  6407  0.001000
  6408  0.001000
  6409  0.001000
  6410  0.001000
  6411  0.001000
  6412  0.001000
  6413  0.001000
  6414  0.001000
  6415  0.001000
  6416  0.001000
  6417  0.001000
  6418  0.001000
  6419  0.001000
  6420  0.001000
  6421  0.001000
  6422  0.001000
  6423  0.001000
  6424  0.001000
  6425  0.001000
  6426  0.001000
  6427  0.001000
  6428  0.001000
  6429  0.001000
  6430  0.001000
  6431  0.001000
  6432  0.001000
  6433  0.001000
  6434  0.001000
  6435  0.001000
  6436  0.001000
  6437  0.001000
  6438  0.001000
  6439  0.001000
  6440  0.001000
  6441  0.001000
  6442  0.001000
  6443  0.001000
  6444  0.001000
  6445  0.001000
  6446  0.001000
  6447  0.001000
  6448  0.001000
  6449  0.001000
  6450  0.001000
  6451  0.001000
  6452  0.001000
  6453  0.001000
  6454  0.001000
  6455  0.001000
  6456  0.001000
  6457  0.001000
  6458  0.001000
  6459  0.001000
  6460  0.001000
  6461  0.001000
  6462  0.001000
  6463  0.001000
  6464  0.001000
  6465  0.001000
  6466  0.001000
  6467  0.001000
  6468  0.001000
  6469  0.001000
  6470  0.001000
  6471  0.001000
  6472  0.001000
  6473  0.001000
  6474  0.001000
  6475  0.001000
  6476  0.001000
  6477  0.001000
  6478  0.001000
  6479  0.001000
  6480  0.001000
  6481  0.001000
  6482  0.001000
  6483  0.001000
  6484  0.001000
  6485  0.001000
  6486  0.001000
  6487  0.001000
  6488  0.001000
  6489  0.001000
  6490  0.001000
  6491  0.001000
  6492  0.001000
  6493  0.001000
  6494  0.001000
  6495  0.001000
  6496  0.001000
  6497  0.001000
  6498  0.001000
  6499  0.001000
  6500  0.001000
  6501  0.001000
  6502  0.001000
  6503  0.001000
  6504  0.001000
  6505  0.001000
  6506  0.001000
  6507  0.001000
  6508  0.001000
  6509  0.001000
  6510  0.001000
  6511  0.001000
  6512  0.001000
  6513  0.001000
  6514  0.001000
  6515  0.001000
  6516  0.001000
  6517  0.001000
  6518  0.001000
  6519  0.001000
  6520  0.001000
  6521  0.001000
  6522  0.001000
  6523  0.001000
  6524  0.001000
  6525  0.001000
  6526  0.001000
  6527  0.001000
  6528  0.001000
  6529  0.001000
  6530  0.001000
  6531  0.001000
  6532  0.001000
  6533  0.001000
  6534  0.001000
  6535  0.001000
  6536  0.001000
  6537  0.001000
  6538  0.001000
  6539  0.001000
  6540  0.001000
  6541  0.001000
  6542  0.001000
  6543  0.001000
  6544  0.001000
  6545  0.001000
  6546  0.001000
  6547  0.001000
  6548  0.001000
  6549  0.001000
  6550  0.001000
  6551  0.001000
  6552  0.001000
  6553  0.001000
  6554  0.001000
  6555  0.001000
  6556  0.001000
  6557  0.001000
  6558  0.001000
  6559  0.001000
  6560  0.001000
  6561  0.001000
  6562  0.001000
  6563  0.001000
  6564  0.001000
  6565  0.001000
  6566  0.001000
  6567  0.001000
  6568  0.001000
  6569  0.001000
  6570  0.001000
  6571  0.001000
  6572  0.001000
  6573  0.001000
  6574  0.001000
  6575  0.001000
  6576  0.001000
  6577  0.001000
  6578  0.001000
  6579  0.001000
  6580  0.001000
  6581  0.001000
  6582  0.001000
  6583  0.001000
  6584  0.001000
  6585  0.001000
  6586  0.001000
  6587  0.001000
  6588  0.001000
  6589  0.001000
  6590  0.001000
  6591  0.001000
  6592  0.001000
  6593  0.001000
  6594  0.001000
  6595  0.001000
  6596  0.001000
  6597  0.001000
  6598  0.001000
  6599  0.001000
  6600  0.001000
  6601  0.001000
  6602  0.001000
  6603  0.001000
  6604  0.001000
  6605  0.001000
  6606  0.001000
  6607  0.001000
  6608  0.001000
  6609  0.001000
  6610  0.001000
  6611  0.001000
  6612  0.001000
  6613  0.001000
  6614  0.001000
  6615  0.001000
  6616  0.001000
  6617  0.001000
  6618  0.001000
  6619  0.001000
  6620  0.001000
  6621  0.001000
  6622  0.001000
  6623  0.001000
  6624  0.001000
  6625  0.001000
  6626  0.001000
  6627  0.001000
  6628  0.001000
  6629  0.001000
  6630  0.001000
  6631  0.001000
  6632  0.001000
  6633  0.001000
  6634  0.001000
  6635  0.001000
  6636  0.001000
  6637  0.001000
  6638  0.001000
  6639  0.001000
  6640  0.001000
  6641  0.001000
  6642  0.001000
  6643  0.001000
  6644  0.001000
  6645  0.001000
  6646  0.001000
  6647  0.001000
  6648  0.001000
  6649  0.001000
  6650  0.001000
  6651  0.001000
  6652  0.001000
  6653  0.001000
  6654  0.001000
  6655  0.001000
  6656  0.001000
  6657  0.001000
  6658  0.001000
  6659  0.001000
  6660  0.001000
  6661  0.000000
  6662  0.001000
  6663  0.001000
  6664  0.001000
  6665  0.001000
  6666  0.001000
  6667  0.001000
  6668  0.001000
  6669  0.001000
  6670  0.001000
  6671  0.001000
  6672  0.001000
  6673  0.001000
  6674  0.001000
  6675  0.001000
  6676  0.001000
  6677  0.001000
  6678  0.001000
  6679  0.001000
  6680  0.001000
  6681  0.001000
  6682  0.001000
  6683  0.001000
  6684  0.001000
  6685  0.001000
  6686  0.001000
  6687  0.001000
  6688  0.001000
  6689  0.001000
  6690  0.001000
  6691  0.001000
  6692  0.001000
  6693  0.001000
  6694  0.001000
  6695  0.001000
  6696  0.001000
  6697  0.001000
  6698  0.001000
  6699  0.001000
  6700  0.001000
  6701  0.001000
  6702  0.001000
  6703  0.001000
  6704  0.001000
  6705  0.001000
  6706  0.001000
  6707  0.001000
  6708  0.001000
  6709  0.001000
  6710  0.001000
  6711  0.001000
  6712  0.001000
  6713  0.001000
  6714  0.001000
  6715  0.001000
  6716  0.000000
  6717  0.000000
  6718  0.000000
  6719  0.001000
  6720  0.001000
  6721  0.001000
  6722  0.001000
  6723  0.001000
  6724  0.001000
  6725  0.001000
  6726  0.001000
  6727  0.001000
  6728  0.001000
  6729  0.001000
  6730  0.001000
  6731  0.001000
  6732  0.001000
  6733  0.001000
  6734  0.001000
  6735  0.001000
  6736  0.001000
  6737  0.001000
  6738  0.001000
  6739  0.001000
  6740  0.001000
  6741  0.001000
  6742  0.001000
  6743  0.001000
  6744  0.001000
  6745  0.001000
  6746  0.001000
  6747  0.001000
  6748  0.001000
  6749  0.001000
  6750  0.001000
  6751  0.001000
  6752  0.001000
  6753  0.001000
  6754  0.001000
  6755  0.000000
  6756  0.000000
  6757  0.001000
  6758  0.001000
  6759  0.001000
  6760  0.001000
  6761  0.001000
  6762  0.001000
  6763  0.001000
  6764  0.001000
  6765  0.001000
  6766  0.001000
  6767  0.001000
  6768  0.001000
  6769  0.001000
  6770  0.001000
  6771  0.001000
  6772  0.001000
  6773  0.001000
  6774  0.001000
  6775  0.001000
  6776  0.001000
  6777  0.001000
  6778  0.001000
  6779  0.001000
  6780  0.001000
  6781  0.001000
  6782  0.001000
  6783  0.001000
  6784  0.001000
  6785  0.001000
  6786  0.001000
  6787  0.001000
  6788  0.001000
  6789  0.001000
  6790  0.001000
  6791  0.001000
  6792  0.000000
  6793  0.000000
  6794  0.000000
  6795  0.001000
  6796  0.001000
  6797  0.001000
  6798  0.001000
  6799  0.001000
  6800  0.001000
  6801  0.001000
  6802  0.001000
  6803  0.001000
  6804  0.001000
  6805  0.001000
  6806  0.001000
  6807  0.001000
  6808  0.001000
  6809  0.001000
  6810  0.000000
  6811  0.000000
  6812  0.000000
  6813  0.000000
  6814  0.001000
  6815  0.001000
  6816  0.001000
  6817  0.001000
  6818  0.001000
  6819  0.001000
  6820  0.001000
  6821  0.000000
  6822  0.000000
  6823  0.001000
  6824  0.001000
  6825  0.001000
  6826  0.001000
  6827  0.001000
  6828  0.001000
  6829  0.000000
  6830  0.000000
  6831  0.000000
  6832  0.000000
  6833  0.001000
  6834  0.001000
  6835  0.001000
  6836  0.001000
  6837  0.001000
  6838  0.001000
  6839  0.001000
  6840  0.001000
  6841  0.001000
  6842  0.001000
  6843  0.001000
  6844  0.001000
  6845  0.001000
  6846  0.001000
  6847  0.001000
  6848  0.001000
  6849  0.001000
  6850  0.001000
  6851  0.001000
  6852  0.001000
  6853  0.001000
  6854  0.001000
  6855  0.001000
  6856  0.001000
  6857  0.001000
  6858  0.001000
  6859  0.000000
  6860  0.001000
  6861  0.001000
  6862  0.001000
  6863  0.001000
  6864  0.001000
  6865  0.001000
  6866  0.001000
  6867  0.001000
  6868  0.001000
  6869  0.001000
  6870  0.001000
  6871  0.001000
  6872  0.001000
  6873  0.001000
  6874  0.001000
  6875  0.001000
  6876  0.001000
  6877  0.001000
  6878  0.001000
  6879  0.001000
  6880  0.001000
  6881  0.001000
  6882  0.001000
  6883  0.001000
  6884  0.001000
  6885  0.001000
  6886  0.001000
  6887  0.000000
  6888  0.000000
  6889  0.000000
  6890  0.001000
  6891  0.001000
  6892  0.001000
  6893  0.001000
  6894  0.000000
  6895  0.000000
  6896  0.000000
  6897  0.000000
  6898  0.001000
  6899  0.001000
  6900  0.001000
  6901  0.001000
  6902  0.001000
  6903  0.001000
  6904  0.001000
  6905  0.001000
  6906  0.000000
  6907  0.001000
  6908  0.001000
  6909  0.001000
  6910  0.001000
  6911  0.001000
  6912  0.001000
  6913  0.001000
  6914  0.000000
  6915  0.001000
  6916  0.000000
  6917  0.001000
  6918  0.001000
  6919  0.001000
  6920  0.001000
  6921  0.001000
  6922  0.001000
  6923  0.001000
  6924  0.001000
  6925  0.000000
  6926  0.001000
  6927  0.001000
  6928  0.001000
  6929  0.001000
  6930  0.001000
  6931  0.001000
  6932  0.001000
  6933  0.000000
  6934  0.000000
  6935  0.000000
  6936  0.001000
  6937  0.001000
  6938  0.001000
  6939  0.001000
  6940  0.001000
  6941  0.001000
  6942  0.001000
  6943  0.001000
  6944  0.000000
  6945  0.001000
  6946  0.001000
  6947  0.001000
  6948  0.001000
  6949  0.001000
  6950  0.001000
  6951  0.000000
  6952  0.000000
  6953  0.000000
  6954  0.000000
  6955  0.000000
  6956  0.001000
  6957  0.001000
  6958  0.001000
  6959  0.001000
  6960  0.001000
  6961  0.001000
  6962  0.001000
  6963  0.000000
  6964  0.001000
  6965  0.001000
  6966  0.001000
  6967  0.001000
  6968  0.001000
  6969  0.001000
  6970  0.000000
  6971  0.000000
  6972  0.000000
  6973  0.000000
  6974  0.000000
  6975  0.001000
  6976  0.001000
  6977  0.001000
  6978  0.001000
  6979  0.001000
  6980  0.001000
  6981  0.000000
  6982  0.000000
  6983  0.001000
  6984  0.001000
  6985  0.001000
  6986  0.001000
  6987  0.001000
  6988  0.001000
  6989  0.001000
  6990  0.001000
  6991  0.000000
  6992  0.000000
  6993  0.001000
  6994  0.001000
  6995  0.001000
  6996  0.001000
  6997  0.001000
  6998  0.001000
  6999  0.001000
  7000  0.000000
  7001  0.000000
  7002  0.000000
  7003  0.000000
  7004  0.001000
  7005  0.001000
  7006  0.001000
  7007  0.001000
  7008  0.001000
  7009  0.001000
  7010  0.001000
  7011  0.001000
  7012  0.001000
  7013  0.001000
  7014  0.001000
  7015  0.001000
  7016  0.001000
  7017  0.000000
  7018  0.000000
  7019  0.000000
  7020  0.000000
  7021  0.001000
  7022  0.001000
  7023  0.001000
  7024  0.001000
  7025  0.001000
  7026  0.000000
  7027  0.000000
  7028  0.000000
  7029  0.000000
  7030  0.000000
  7031  0.001000
  7032  0.001000
  7033  0.001000
  7034  0.001000
  7035  0.001000
  7036  0.000000
  7037  0.000000
  7038  0.000000
  7039  0.000000
  7040  0.001000
  7041  0.001000
  7042  0.001000
  7043  0.001000
  7044  0.001000
  7045  0.001000
  7046  0.001000
  7047  0.000000
  7048  0.000000
  7049  0.001000
  7050  0.001000
  7051  0.001000
  7052  0.001000
  7053  0.001000
  7054  0.001000
  7055  0.001000
  7056  0.000000
  7057  0.000000
  7058  0.000000
  7059  0.001000
  7060  0.001000
  7061  0.001000
  7062  0.001000
  7063  0.001000
  7064  0.000000
  7065  0.000000
  7066  0.000000
  7067  0.000000
  7068  0.001000
  7069  0.001000
  7070  0.001000
  7071  0.001000
  7072  0.001000
  7073  0.001000
  7074  0.000000
  7075  0.000000
  7076  0.000000
  7077  0.000000
  7078  0.000000
  7079  0.000000
  7080  0.001000
  7081  0.001000
  7082  0.000000
  7083  0.000000
  7084  0.000000
  7085  0.000000
  7086  0.000000
  7087  0.001000
  7088  0.001000
  7089  0.001000
  7090  0.001000
  7091  0.001000
  7092  0.001000
  7093  0.000000
  7094  0.000000
  7095  0.000000
  7096  0.000000
  7097  0.000000
  7098  0.001000
  7099  0.001000
  7100  0.001000
  7101  0.001000
  7102  0.001000
  7103  0.000000
  7104  0.000000
  7105  0.000000
  7106  0.000000
  7107  0.001000
  7108  0.001000
  7109  0.001000
  7110  0.001000
  7111  0.000000
  7112  0.000000
  7113  0.000000
  7114  0.000000
  7115  0.001000
  7116  0.001000
  7117  0.001000
  7118  0.001000
  7119  0.001000
  7120  0.000000
  7121  0.000000
  7122  0.000000
  7123  0.000000
  7124  0.000000
  7125  0.000000
  7126  0.001000
  7127  0.001000
  7128  0.001000
  7129  0.000000
  7130  0.000000
  7131  0.000000
  7132  0.000000
  7133  0.000000
  7134  0.000000
  7135  0.001000
  7136  0.001000
  7137  0.001000
  7138  0.001000
  7139  0.000000
  7140  0.000000
  7141  0.000000
  7142  0.000000
  7143  0.000000
  7144  0.001000
  7145  0.000000
  7146  0.001000
  7147  0.001000
  7148  0.000000
  7149  0.000000
  7150  0.000000
  7151  0.000000
  7152  0.000000
  7153  0.000000
  7154  0.000000
  7155  0.000000
  7156  0.001000
  7157  0.000000
  7158  0.000000
  7159  0.000000
  7160  0.000000
  7161  0.000000
  7162  0.000000
  7163  0.000000
  7164  0.000000
  7165  0.001000
  7166  0.001000
  7167  0.000000
  7168  0.000000
  7169  0.000000
  7170  0.000000
  7171  0.000000
  7172  0.000000
  7173  0.000000
  7174  0.001000
  7175  0.001000
  7176  0.000000
  7177  0.000000
  7178  0.000000
  7179  0.000000
  7180  0.000000
  7181  0.000000
  7182  0.000000
  7183  0.000000
  7184  0.000000
  7185  0.000000
  7186  0.000000
  7187  0.000000
  7188  0.000000
  7189  0.000000
  7190  0.000000
  7191  0.000000
  7192  0.000000
  7193  0.001000
  7194  0.001000
  7195  0.000000
  7196  0.000000
  7197  0.000000
  7198  0.000000
  7199  0.000000
  7200  0.000000
  7201  0.000000
  7202  0.000000
  7203  0.001000
  7204  0.001000
  7205  0.000000
  7206  0.000000
  7207  0.000000
  7208  0.000000
  7209  0.000000
  7210  0.000000
  7211  0.000000
  7212  0.001000
  7213  0.001000
  7214  0.000000
  7215  0.000000
  7216  0.000000
  7217  0.000000
  7218  0.000000
  7219  0.001000
  7220  0.001000
  7221  0.001000
  7222  0.001000
  7223  0.001000
  7224  0.000000
  7225  0.000000
  7226  0.000000
  7227  0.000000
  7228  0.000000
  7229  0.000000
  7230  0.001000
  7231  0.001000
  7232  0.000000
  7233  0.000000
  7234  0.000000
  7235  0.000000
  7236  0.000000
  7237  0.000000
  7238  0.000000
  7239  0.000000
  7240  0.000000
  7241  0.001000
  7242  0.000000
  7243  0.000000
  7244  0.000000
  7245  0.000000
  7246  0.000000
  7247  0.000000
  7248  0.001000
  7249  0.001000
  7250  0.001000
  7251  0.001000
  7252  0.000000
  7253  0.000000
  7254  0.000000
  7255  0.000000
  7256  0.000000
  7257  0.000000
  7258  0.000000
  7259  0.000000
  7260  0.000000
  7261  0.000000
  7262  0.000000
  7263  0.000000
  7264  0.000000
  7265  0.000000
  7266  0.000000
  7267  0.000000
  7268  0.000000
  7269  0.001000
  7270  0.000000
  7271  0.000000
  7272  0.000000
  7273  0.000000
  7274  0.000000
  7275  0.000000
  7276  0.000000
  7277  0.000000
  7278  0.001000
  7279  0.001000
  7280  0.000000
  7281  0.000000
  7282  0.000000
  7283  0.000000
  7284  0.000000
  7285  0.000000
  7286  0.000000
  7287  0.001000
  7288  0.001000
  7289  0.000000
  7290  0.000000
  7291  0.000000
  7292  0.000000
  7293  0.000000
  7294  0.000000
  7295  0.000000
  7296  0.000000
  7297  0.000000
  7298  0.000000
  7299  0.000000
  7300  0.000000
  7301  0.000000
  7302  0.000000
  7303  0.000000
  7304  0.000000
  7305  0.000000
  7306  0.000000
  7307  0.000000
  7308  0.000000
  7309  0.000000
  7310  0.000000
  7311  0.000000
  7312  0.000000
  7313  0.000000
  7314  0.000000
  7315  0.000000
  7316  0.000000
  7317  0.000000
  7318  0.000000
  7319  0.000000
  7320  0.000000
  7321  0.000000
  7322  0.000000
  7323  0.000000
  7324  0.000000
  7325  0.000000
  7326  0.000000
  7327  0.000000
  7328  0.000000
  7329  0.000000
  7330  0.000000
  7331  0.000000
  7332  0.000000
  7333  0.000000
  7334  0.000000
  7335  0.000000
  7336  0.000000
  7337  0.000000
  7338  0.000000
  7339  0.000000
  7340  0.000000
  7341  0.000000
  7342  0.000000
  7343  0.000000
  7344  0.000000
  7345  0.000000
  7346  0.000000
  7347  0.000000
  7348  0.000000
  7349  0.000000
  7350  0.000000
  7351  0.000000
  7352  0.000000
  7353  0.000000
  7354  0.000000
  7355  0.000000
  7356  0.000000
  7357  0.000000
  7358  0.000000
  7359  0.000000
  7360  0.000000
  7361  0.000000
  7362  0.000000
  7363  0.000000
  7364  0.000000
  7365  0.000000
  7366  0.000000
  7367  0.000000
  7368  0.000000
  7369  0.000000
  7370  0.000000
  7371  0.000000
  7372  0.000000
  7373  0.000000
  7374  0.000000
  7375  0.000000
  7376  0.000000
  7377  0.000000
  7378  0.000000
  7379  0.000000
  7380  0.000000
  7381  0.000000
  7382  0.000000
  7383  0.000000
  7384  0.000000
  7385  0.000000
  7386  0.000000
  7387  0.000000
  7388  0.000000
  7389  0.000000
  7390  0.000000
  7391  0.000000
  7392  0.000000
  7393  0.000000
  7394  0.000000
  7395  0.000000
  7396  0.000000
  7397  0.000000
  7398  0.000000
  7399  0.000000
  7400  0.000000
  7401  0.000000
  7402  0.000000
  7403  0.000000
  7404  0.000000
  7405  0.000000
  7406  0.000000
  7407  0.000000
  7408  0.000000
  7409  0.000000
  7410  0.000000
  7411  0.000000
  7412  0.000000
  7413  0.000000
  7414  0.000000
  7415  0.000000
  7416  0.000000
  7417  0.000000
  7418  0.000000
  7419  0.000000
  7420  0.000000
  7421  0.000000
  7422  0.000000
  7423  0.000000
  7424  0.000000
  7425  0.000000
  7426  0.000000
  7427  0.000000
  7428  0.000000
  7429  0.000000
  7430  0.000000
  7431  0.000000
  7432  0.000000
  7433  0.000000
  7434  0.000000
  7435  0.000000
  7436  0.000000
  7437  0.000000
  7438  0.000000
  7439  0.000000
  7440  0.000000
  7441  0.000000
  7442  0.000000
  7443  0.000000
  7444  0.000000
  7445  0.000000
  7446  0.000000
  7447  0.000000
  7448  0.000000
  7449  0.000000
  7450  0.000000
  7451  0.000000
  7452  0.000000
  7453  0.000000
  7454  0.000000
  7455  0.000000
  7456  0.000000
  7457  0.000000
  7458  0.000000
  7459  0.000000
  7460  0.000000
  7461  0.000000
  7462  0.000000
  7463  0.000000
  7464  0.000000
  7465  0.000000
  7466  0.000000
  7467  0.000000
  7468  0.000000
  7469  0.000000
  7470  0.000000
  7471  0.000000
  7472  0.000000
  7473  0.000000
  7474  0.000000
  7475  0.000000
  7476  0.000000
  7477  0.000000
  7478  0.000000
  7479  0.000000
  7480  0.000000
  7481  0.000000
  7482  0.000000
  7483  0.000000
  7484  0.000000
  7485  0.000000
  7486  0.000000
  7487  0.000000
  7488  0.000000
  7489  0.000000
  7490  0.000000
  7491  0.000000
  7492  0.000000
  7493  0.000000
  7494  0.000000
  7495  0.000000
  7496  0.000000
  7497  0.000000
  7498  0.000000
  7499  0.000000
  7500  0.000000
  7501  0.000000
  7502  0.000000
  7503  0.000000
  7504  0.000000
  7505  0.000000
  7506  0.000000
  7507  0.000000
  7508  0.000000
  7509  0.000000
  7510  0.000000
  7511  0.000000
  7512  0.000000
  7513  0.000000
  7514  0.000000
  7515  0.000000
  7516  0.000000
  7517  0.000000
  7518  0.000000
  7519  0.000000
  7520  0.000000
  7521  0.000000
  7522  0.000000
  7523  0.000000
  7524  0.000000
  7525  0.000000
  7526  0.000000
  7527  0.000000
  7528  0.000000
  7529  0.000000
  7530  0.000000
  7531  0.000000
  7532  0.000000
  7533  0.000000
  7534  0.000000
  7535  0.000000
  7536  0.000000
  7537  0.000000
  7538  0.000000
  7539  0.000000
  7540  0.000000
  7541  0.000000
  7542  0.000000
  7543  0.000000
  7544  0.000000
  7545  0.000000
  7546  0.000000
  7547  0.000000
  7548  0.000000
  7549  0.000000
  7550  0.000000
  7551  0.000000
  7552  0.000000
  7553  0.000000
  7554  0.000000
  7555  0.000000
  7556  0.000000
  7557  0.000000
  7558  0.000000
  7559  0.000000
  7560  0.000000
  7561  0.000000
  7562  0.000000
  7563  0.000000
  7564  0.000000
  7565  0.000000
  7566  0.000000
  7567  0.000000
  7568  0.000000
  7569  0.000000
  7570  0.000000
  7571  0.000000
  7572  0.000000
  7573  0.000000
  7574  0.000000
  7575  0.000000
  7576  0.000000
  7577  0.000000
  7578  0.000000
  7579  0.000000
  7580  0.000000
  7581  0.000000
  7582  0.000000
  7583  0.000000
  7584  0.000000
  7585  0.000000
  7586  0.000000
  7587  0.000000
  7588  0.000000
  7589  0.000000
  7590  0.000000
  7591  0.000000
  7592  0.000000
  7593  0.000000
  7594  0.000000
  7595  0.000000
  7596  0.000000
  7597  0.000000
  7598  0.000000
  7599  0.000000
  7600  0.000000
  7601  0.000000
  7602  0.000000
  7603  0.000000
  7604  0.000000
  7605  0.000000
  7606  0.000000
  7607  0.000000
  7608  0.000000
  7609  0.000000
  7610  0.000000
  7611  0.000000
  7612  0.000000
  7613  0.000000
  7614  0.000000
  7615  0.000000
  7616  0.000000
  7617  0.000000
  7618  0.000000
  7619  0.000000
  7620  0.000000
  7621  0.000000
  7622  0.000000
  7623  0.000000
  7624  0.000000
  7625  0.000000
  7626  0.000000
  7627  0.000000
  7628  0.000000
  7629  0.000000
  7630  0.000000
  7631  0.000000
  7632  0.000000
  7633  0.000000
  7634  0.000000
  7635  0.000000
  7636  0.000000
  7637  0.000000
  7638  0.000000
  7639  0.000000
  7640  0.000000
  7641  0.000000
  7642  0.000000
  7643  0.000000
  7644  0.000000
  7645  0.000000
  7646  0.000000
  7647  0.000000
  7648  0.000000
  7649  0.000000
  7650  0.000000
  7651  0.000000
  7652  0.000000
  7653  0.000000
  7654  0.000000
  7655  0.000000
  7656  0.000000
  7657  0.000000
  7658  0.000000
  7659  0.000000
  7660  0.000000
  7661  0.000000
  7662  0.000000
  7663  0.000000
  7664  0.000000
  7665  0.000000
  7666  0.000000
  7667  0.000000
  7668  0.000000
  7669  0.000000
  7670  0.000000
  7671  0.000000
  7672  0.000000
  7673  0.000000
  7674  0.000000
  7675  0.000000
  7676  0.000000
  7677  0.000000
  7678  0.000000
  7679  0.000000
  7680  0.000000
  7681  0.000000
  7682  0.000000
  7683  0.000000
  7684  0.000000
  7685  0.000000
  7686  0.000000
  7687  0.000000
  7688  0.000000
  7689  0.000000
  7690  0.000000
  7691  0.000000
  7692  0.000000
  7693  0.000000
  7694  0.000000
  7695  0.000000
  7696  0.000000
  7697  0.000000
  7698  0.000000
  7699  0.000000
  7700  0.000000
  7701  0.000000
  7702  0.000000
  7703  0.000000
  7704  0.000000
  7705  0.000000
  7706  0.000000
  7707  0.000000
  7708  0.000000
  7709  0.000000
  7710  0.000000
  7711  0.000000
  7712  0.000000
  7713  0.000000
  7714  0.000000
  7715  0.000000
  7716  0.000000
  7717  0.000000
  7718  0.000000
  7719  0.000000
  7720  0.000000
  7721  0.000000
  7722  0.000000
  7723  0.000000
  7724  0.000000
  7725  0.000000
  7726  0.000000
  7727  0.000000
  7728  0.000000
  7729  0.000000
  7730  0.000000
  7731  0.000000
  7732  0.000000
  7733  0.000000
  7734  0.000000
  7735  0.000000
  7736  0.000000
  7737  0.000000
  7738  0.000000
  7739  0.000000
  7740  0.000000
  7741  0.000000
  7742  0.000000
  7743  0.000000
  7744  0.000000
  7745  0.000000
  7746  0.000000
  7747  0.000000
  7748  0.000000
  7749  0.000000
  7750  0.000000
  7751  0.000000
  7752  0.000000
  7753  0.000000
  7754  0.000000
  7755  0.000000
  7756  0.000000
  7757  0.000000
  7758  0.000000
  7759  0.000000
  7760  0.000000
  7761  0.000000
  7762  0.000000
  7763  0.000000
  7764  0.000000
  7765  0.000000
  7766  0.000000
  7767  0.000000
  7768  0.000000
  7769  0.000000
  7770  0.000000
  7771  0.000000
  7772  0.000000
  7773  0.000000
  7774  0.000000
  7775  0.000000
  7776  0.000000
  7777  0.000000
  7778  0.000000
  7779  0.000000
  7780  0.000000
  7781  0.000000
  7782  0.000000
  7783  0.000000
  7784  0.000000
  7785  0.000000
  7786  0.000000
  7787  0.000000
  7788  0.000000
  7789  0.000000
  7790  0.000000
  7791  0.000000
  7792  0.000000
  7793  0.000000
  7794  0.000000
  7795  0.000000
  7796  0.000000
  7797  0.000000
  7798  0.000000
  7799  0.000000
  7800  0.000000
  7801  0.000000
  7802  0.000000
  7803  0.000000
  7804  0.000000
  7805  0.000000
  7806  0.000000
  7807  0.000000
  7808  0.000000
  7809  0.000000
  7810  0.000000
  7811  0.000000
  7812  0.000000
  7813  0.000000
  7814  0.000000
  7815  0.000000
  7816  0.000000
  7817  0.000000
  7818  0.000000
  7819  0.000000
  7820  0.000000
  7821  0.000000
  7822  0.000000
  7823  0.000000
  7824  0.000000
  7825  0.000000
  7826  0.000000
  7827  0.000000
  7828  0.000000
  7829  0.000000
  7830  0.000000
  7831  0.000000
  7832  0.000000
  7833  0.000000
  7834  0.000000
  7835  0.000000
  7836  0.000000
  7837  0.000000
  7838  0.000000
  7839  0.000000
  7840  0.000000
  7841  0.000000
  7842  0.000000
  7843  0.000000
  7844  0.000000
  7845  0.000000
  7846  0.000000
  7847  0.000000
  7848  0.000000
  7849  0.000000
  7850  0.000000
  7851  0.000000
  7852  0.000000
  7853  0.000000
  7854  0.000000
  7855  0.000000
  7856  0.000000
  7857  0.000000
  7858  0.000000
  7859  0.000000
  7860  0.000000
  7861  0.000000
  7862  0.000000
  7863  0.000000
  7864  0.000000
  7865  0.000000
  7866  0.000000
  7867  0.000000
  7868  0.000000
  7869  0.000000
  7870  0.000000
  7871  0.000000
  7872  0.000000
  7873  0.000000
  7874  0.000000
  7875  0.000000
  7876  0.000000
  7877  0.000000
  7878  0.000000
  7879  0.000000
  7880  0.000000
  7881  0.000000
  7882  0.000000
  7883  0.000000
  7884  0.000000
  7885  0.000000
  7886  0.000000
  7887  0.000000
  7888  0.000000
  7889  0.000000
  7890  0.000000
  7891  0.000000
  7892  0.000000
  7893  0.000000
  7894  0.000000
  7895  0.000000
  7896  0.000000
  7897  0.000000
  7898  0.000000
  7899  0.000000
  7900  0.000000
  7901  0.000000
  7902  0.000000
  7903  0.000000
  7904  0.000000
  7905  0.000000
  7906  0.000000
  7907  0.000000
  7908  0.000000
  7909  0.000000
  7910  0.000000
  7911  0.000000
  7912  0.000000
  7913  0.000000
  7914  0.000000
  7915  0.000000
  7916  0.000000
  7917  0.000000
  7918  0.000000
  7919  0.000000
  7920  0.000000
  7921  0.000000
  7922  0.000000
  7923  0.000000
  7924  0.000000
  7925  0.000000
  7926  0.000000
  7927  0.000000
  7928  0.000000
  7929  0.000000
  7930  0.000000
  7931  0.000000
  7932  0.000000
  7933  0.000000
  7934  0.000000
  7935  0.000000
  7936  0.000000
  7937  0.000000
  7938  0.000000
  7939  0.000000
  7940  0.000000
  7941  0.000000
  7942  0.000000
  7943  0.000000
  7944  0.000000
  7945  0.000000
  7946  0.000000
  7947  0.000000
  7948  0.000000
  7949  0.000000
  7950  0.000000
  7951  0.000000
  7952  0.000000
  7953  0.000000
  7954  0.000000
  7955  0.000000
  7956  0.000000
  7957  0.000000
  7958  0.000000
  7959  0.000000
  7960  0.000000
  7961  0.000000
  7962  0.000000
  7963  0.000000
  7964  0.000000
  7965  0.000000
  7966  0.000000
  7967  0.000000
  7968  0.000000
  7969  0.000000
  7970  0.000000
  7971  0.000000
  7972  0.000000
  7973  0.000000
  7974  0.000000
  7975  0.000000
  7976  0.000000
  7977  0.000000
  7978  0.000000
  7979  0.000000
  7980  0.000000
  7981  0.000000
  7982  0.000000
  7983  0.000000
  7984  0.000000
  7985  0.000000
  7986  0.000000
  7987  0.000000
  7988  0.000000
  7989  0.000000
  7990  0.000000
  7991  0.000000
  7992  0.000000
  7993  0.000000
  7994  0.000000
  7995  0.000000
  7996  0.000000
  7997  0.000000
  7998  0.000000
  7999  0.000000
  8000  0.000000
  8001  0.000000
  8002  0.000000
  8003  0.000000
  8004  0.000000
  8005  0.000000
  8006  0.000000
  8007  0.000000
  8008  0.000000
  8009  0.000000
  8010  0.000000
  8011  0.000000
  8012  0.000000
  8013  0.000000
  8014  0.000000
  8015  0.000000
  8016  0.000000
  8017  0.000000
  8018  0.000000
  8019  0.000000
  8020  0.000000
  8021  0.000000
  8022  0.000000
  8023  0.000000
  8024  0.000000
  8025  0.000000
  8026  0.000000
  8027  0.000000
  8028  0.000000
  8029  0.000000
  8030  0.000000
  8031  0.000000
  8032  0.000000
  8033  0.000000
  8034  0.000000
  8035  0.000000
  8036  0.000000
  8037  0.000000
  8038  0.000000
  8039  0.000000
  8040  0.000000
  8041  0.000000
  8042  0.000000
  8043  0.000000
  8044  0.000000
  8045  0.000000
  8046  0.000000
  8047  0.000000
  8048  0.000000
  8049  0.000000
  8050  0.000000
  8051  0.000000
  8052  0.000000
  8053  0.000000
  8054  0.000000
  8055  0.000000
  8056  0.000000
  8057  0.000000
  8058  0.000000
  8059  0.000000
  8060  0.000000
  8061  0.000000
  8062  0.000000
  8063  0.000000
  8064  0.000000
  8065  0.000000
  8066  0.000000
  8067  0.000000
  8068  0.000000
  8069  0.000000
  8070  0.000000
  8071  0.000000
  8072  0.000000
  8073  0.000000
  8074  0.000000
  8075  0.000000
  8076  0.000000
  8077  0.000000
  8078  0.000000
  8079  0.000000
  8080  0.000000
  8081  0.000000
  8082  0.000000
  8083  0.000000
  8084  0.000000
  8085 -0.000000
  8086  0.000000
  8087  0.000000
  8088  0.000000
  8089  0.000000
  8090  0.000000
  8091  0.000000
  8092  0.000000
  8093  0.000000
  8094  0.000000
  8095  0.000000
  8096  0.000000
  8097  0.000000
  8098  0.000000
  8099  0.000000
  8100  0.000000
  8101  0.000000
  8102  0.000000
  8103  0.000000
  8104  0.000000
  8105  0.000000
  8106  0.000000
  8107  0.000000
  8108  0.000000
  8109  0.000000
  8110  0.000000
  8111  0.000000
  8112  0.000000
  8113  0.000000
  8114  0.000000
  8115  0.000000
  8116  0.000000
  8117  0.000000
  8118  0.000000
  8119  0.000000
  8120  0.000000
  8121  0.000000
  8122  0.000000
  8123  0.000000
  8124  0.000000
  8125  0.000000
  8126  0.000000
  8127  0.000000
  8128  0.000000
  8129  0.000000
  8130  0.000000
  8131  0.000000
  8132  0.000000
  8133  0.000000
  8134  0.000000
  8135  0.000000
  8136  0.000000
  8137  0.000000
  8138  0.000000
  8139  0.000000
  8140  0.000000
  8141  0.000000
  8142  0.000000
  8143  0.000000
  8144  0.000000
  8145  0.000000
  8146  0.000000
  8147  0.000000
  8148  0.000000
  8149  0.000000
  8150  0.000000
  8151  0.000000
  8152  0.000000
  8153  0.000000
  8154  0.000000
  8155  0.000000
  8156  0.000000
  8157  0.000000
  8158  0.000000
  8159  0.000000
  8160  0.000000
  8161  0.000000
  8162  0.000000
  8163  0.000000
  8164  0.000000
  8165  0.000000
  8166  0.000000
  8167  0.000000
  8168  0.000000
  8169  0.000000
  8170  0.000000
  8171  0.000000
  8172  0.000000
  8173  0.000000
  8174  0.000000
  8175  0.000000
  8176  0.000000
  8177  0.000000
  8178  0.000000
  8179 -0.000000
  8180  0.000000
  8181  0.000000
  8182  0.000000
  8183  0.000000
  8184  0.000000
  8185  0.000000
  8186  0.000000
  8187  0.000000
  8188  0.000000
  8189  0.000000
  8190  0.000000
  8191  0.000000
